temperature_K,equivalent_plastic_strain,flow_stress_Pa,source
294.15,0,6.4982e+08,"modified J-C (Balbaa2022 p.33) A=650 B=1618 n=0.243 m=1.146 Tm=1290C Tr=20C; rate term omitted (D-V2-02); floor 1e+06 Pa + H_reg 1e+07 Pa (D-V2-19); near-zero tangent regularization arm=offset (D-V2-22, e_off=0.002); D-V2-19-R1 minimum plastic tangent H >= 0.01*E(T); E(T) from E_collapse.csv (D-V2-17 option (c)); D-V2-19 single-variable ladder arm 'ecol' (floor=1e+06 Pa, H_reg=1e+07 Pa)"
294.15,0.0005,6.69733e+08,"modified J-C (Balbaa2022 p.33) A=650 B=1618 n=0.243 m=1.146 Tm=1290C Tr=20C; rate term omitted (D-V2-02); floor 1e+06 Pa + H_reg 1e+07 Pa (D-V2-19); near-zero tangent regularization arm=offset (D-V2-22, e_off=0.002); D-V2-19-R1 minimum plastic tangent H >= 0.01*E(T); E(T) from E_collapse.csv (D-V2-17 option (c)); D-V2-19 single-variable ladder arm 'ecol' (floor=1e+06 Pa, H_reg=1e+07 Pa)"
294.15,0.001,6.86824e+08,"modified J-C (Balbaa2022 p.33) A=650 B=1618 n=0.243 m=1.146 Tm=1290C Tr=20C; rate term omitted (D-V2-02); floor 1e+06 Pa + H_reg 1e+07 Pa (D-V2-19); near-zero tangent regularization arm=offset (D-V2-22, e_off=0.002); D-V2-19-R1 minimum plastic tangent H >= 0.01*E(T); E(T) from E_collapse.csv (D-V2-17 option (c)); D-V2-19 single-variable ladder arm 'ecol' (floor=1e+06 Pa, H_reg=1e+07 Pa)"
294.15,0.002,7.15383e+08,"modified J-C (Balbaa2022 p.33) A=650 B=1618 n=0.243 m=1.146 Tm=1290C Tr=20C; rate term omitted (D-V2-02); floor 1e+06 Pa + H_reg 1e+07 Pa (D-V2-19); near-zero tangent regularization arm=offset (D-V2-22, e_off=0.002); D-V2-19-R1 minimum plastic tangent H >= 0.01*E(T); E(T) from E_collapse.csv (D-V2-17 option (c)); D-V2-19 single-variable ladder arm 'ecol' (floor=1e+06 Pa, H_reg=1e+07 Pa)"
294.15,0.005,7.77004e+08,"modified J-C (Balbaa2022 p.33) A=650 B=1618 n=0.243 m=1.146 Tm=1290C Tr=20C; rate term omitted (D-V2-02); floor 1e+06 Pa + H_reg 1e+07 Pa (D-V2-19); near-zero tangent regularization arm=offset (D-V2-22, e_off=0.002); D-V2-19-R1 minimum plastic tangent H >= 0.01*E(T); E(T) from E_collapse.csv (D-V2-17 option (c)); D-V2-19 single-variable ladder arm 'ecol' (floor=1e+06 Pa, H_reg=1e+07 Pa)"
294.15,0.01,8.44843e+08,"modified J-C (Balbaa2022 p.33) A=650 B=1618 n=0.243 m=1.146 Tm=1290C Tr=20C; rate term omitted (D-V2-02); floor 1e+06 Pa + H_reg 1e+07 Pa (D-V2-19); near-zero tangent regularization arm=offset (D-V2-22, e_off=0.002); D-V2-19-R1 minimum plastic tangent H >= 0.01*E(T); E(T) from E_collapse.csv (D-V2-17 option (c)); D-V2-19 single-variable ladder arm 'ecol' (floor=1e+06 Pa, H_reg=1e+07 Pa)"
294.15,0.02,9.32573e+08,"modified J-C (Balbaa2022 p.33) A=650 B=1618 n=0.243 m=1.146 Tm=1290C Tr=20C; rate term omitted (D-V2-02); floor 1e+06 Pa + H_reg 1e+07 Pa (D-V2-19); near-zero tangent regularization arm=offset (D-V2-22, e_off=0.002); D-V2-19-R1 minimum plastic tangent H >= 0.01*E(T); E(T) from E_collapse.csv (D-V2-17 option (c)); D-V2-19 single-variable ladder arm 'ecol' (floor=1e+06 Pa, H_reg=1e+07 Pa)"
294.15,0.05,1.08162e+09,"modified J-C (Balbaa2022 p.33) A=650 B=1618 n=0.243 m=1.146 Tm=1290C Tr=20C; rate term omitted (D-V2-02); floor 1e+06 Pa + H_reg 1e+07 Pa (D-V2-19); near-zero tangent regularization arm=offset (D-V2-22, e_off=0.002); D-V2-19-R1 minimum plastic tangent H >= 0.01*E(T); E(T) from E_collapse.csv (D-V2-17 option (c)); D-V2-19 single-variable ladder arm 'ecol' (floor=1e+06 Pa, H_reg=1e+07 Pa)"
294.15,0.1,1.22239e+09,"modified J-C (Balbaa2022 p.33) A=650 B=1618 n=0.243 m=1.146 Tm=1290C Tr=20C; rate term omitted (D-V2-02); floor 1e+06 Pa + H_reg 1e+07 Pa (D-V2-19); near-zero tangent regularization arm=offset (D-V2-22, e_off=0.002); D-V2-19-R1 minimum plastic tangent H >= 0.01*E(T); E(T) from E_collapse.csv (D-V2-17 option (c)); D-V2-19 single-variable ladder arm 'ecol' (floor=1e+06 Pa, H_reg=1e+07 Pa)"
294.15,0.2,1.39339e+09,"modified J-C (Balbaa2022 p.33) A=650 B=1618 n=0.243 m=1.146 Tm=1290C Tr=20C; rate term omitted (D-V2-02); floor 1e+06 Pa + H_reg 1e+07 Pa (D-V2-19); near-zero tangent regularization arm=offset (D-V2-22, e_off=0.002); D-V2-19-R1 minimum plastic tangent H >= 0.01*E(T); E(T) from E_collapse.csv (D-V2-17 option (c)); D-V2-19 single-variable ladder arm 'ecol' (floor=1e+06 Pa, H_reg=1e+07 Pa)"
294.15,0.5,1.90639e+09,"modified J-C (Balbaa2022 p.33) A=650 B=1618 n=0.243 m=1.146 Tm=1290C Tr=20C; rate term omitted (D-V2-02); floor 1e+06 Pa + H_reg 1e+07 Pa (D-V2-19); near-zero tangent regularization arm=offset (D-V2-22, e_off=0.002); D-V2-19-R1 minimum plastic tangent H >= 0.01*E(T); E(T) from E_collapse.csv (D-V2-17 option (c)); D-V2-19 single-variable ladder arm 'ecol' (floor=1e+06 Pa, H_reg=1e+07 Pa)"
294.15,1,2.76139e+09,"modified J-C (Balbaa2022 p.33) A=650 B=1618 n=0.243 m=1.146 Tm=1290C Tr=20C; rate term omitted (D-V2-02); floor 1e+06 Pa + H_reg 1e+07 Pa (D-V2-19); near-zero tangent regularization arm=offset (D-V2-22, e_off=0.002); D-V2-19-R1 minimum plastic tangent H >= 0.01*E(T); E(T) from E_collapse.csv (D-V2-17 option (c)); D-V2-19 single-variable ladder arm 'ecol' (floor=1e+06 Pa, H_reg=1e+07 Pa)"
294.15,2,4.47139e+09,"modified J-C (Balbaa2022 p.33) A=650 B=1618 n=0.243 m=1.146 Tm=1290C Tr=20C; rate term omitted (D-V2-02); floor 1e+06 Pa + H_reg 1e+07 Pa (D-V2-19); near-zero tangent regularization arm=offset (D-V2-22, e_off=0.002); D-V2-19-R1 minimum plastic tangent H >= 0.01*E(T); E(T) from E_collapse.csv (D-V2-17 option (c)); D-V2-19 single-variable ladder arm 'ecol' (floor=1e+06 Pa, H_reg=1e+07 Pa)"
366.15,0,6.25378e+08,"modified J-C (Balbaa2022 p.33) A=650 B=1618 n=0.243 m=1.146 Tm=1290C Tr=20C; rate term omitted (D-V2-02); floor 1e+06 Pa + H_reg 1e+07 Pa (D-V2-19); near-zero tangent regularization arm=offset (D-V2-22, e_off=0.002); D-V2-19-R1 minimum plastic tangent H >= 0.01*E(T); E(T) from E_collapse.csv (D-V2-17 option (c)); D-V2-19 single-variable ladder arm 'ecol' (floor=1e+06 Pa, H_reg=1e+07 Pa)"
366.15,0.0005,6.44542e+08,"modified J-C (Balbaa2022 p.33) A=650 B=1618 n=0.243 m=1.146 Tm=1290C Tr=20C; rate term omitted (D-V2-02); floor 1e+06 Pa + H_reg 1e+07 Pa (D-V2-19); near-zero tangent regularization arm=offset (D-V2-22, e_off=0.002); D-V2-19-R1 minimum plastic tangent H >= 0.01*E(T); E(T) from E_collapse.csv (D-V2-17 option (c)); D-V2-19 single-variable ladder arm 'ecol' (floor=1e+06 Pa, H_reg=1e+07 Pa)"
366.15,0.001,6.60991e+08,"modified J-C (Balbaa2022 p.33) A=650 B=1618 n=0.243 m=1.146 Tm=1290C Tr=20C; rate term omitted (D-V2-02); floor 1e+06 Pa + H_reg 1e+07 Pa (D-V2-19); near-zero tangent regularization arm=offset (D-V2-22, e_off=0.002); D-V2-19-R1 minimum plastic tangent H >= 0.01*E(T); E(T) from E_collapse.csv (D-V2-17 option (c)); D-V2-19 single-variable ladder arm 'ecol' (floor=1e+06 Pa, H_reg=1e+07 Pa)"
366.15,0.002,6.88476e+08,"modified J-C (Balbaa2022 p.33) A=650 B=1618 n=0.243 m=1.146 Tm=1290C Tr=20C; rate term omitted (D-V2-02); floor 1e+06 Pa + H_reg 1e+07 Pa (D-V2-19); near-zero tangent regularization arm=offset (D-V2-22, e_off=0.002); D-V2-19-R1 minimum plastic tangent H >= 0.01*E(T); E(T) from E_collapse.csv (D-V2-17 option (c)); D-V2-19 single-variable ladder arm 'ecol' (floor=1e+06 Pa, H_reg=1e+07 Pa)"
366.15,0.005,7.47781e+08,"modified J-C (Balbaa2022 p.33) A=650 B=1618 n=0.243 m=1.146 Tm=1290C Tr=20C; rate term omitted (D-V2-02); floor 1e+06 Pa + H_reg 1e+07 Pa (D-V2-19); near-zero tangent regularization arm=offset (D-V2-22, e_off=0.002); D-V2-19-R1 minimum plastic tangent H >= 0.01*E(T); E(T) from E_collapse.csv (D-V2-17 option (c)); D-V2-19 single-variable ladder arm 'ecol' (floor=1e+06 Pa, H_reg=1e+07 Pa)"
366.15,0.01,8.1307e+08,"modified J-C (Balbaa2022 p.33) A=650 B=1618 n=0.243 m=1.146 Tm=1290C Tr=20C; rate term omitted (D-V2-02); floor 1e+06 Pa + H_reg 1e+07 Pa (D-V2-19); near-zero tangent regularization arm=offset (D-V2-22, e_off=0.002); D-V2-19-R1 minimum plastic tangent H >= 0.01*E(T); E(T) from E_collapse.csv (D-V2-17 option (c)); D-V2-19 single-variable ladder arm 'ecol' (floor=1e+06 Pa, H_reg=1e+07 Pa)"
366.15,0.02,8.97504e+08,"modified J-C (Balbaa2022 p.33) A=650 B=1618 n=0.243 m=1.146 Tm=1290C Tr=20C; rate term omitted (D-V2-02); floor 1e+06 Pa + H_reg 1e+07 Pa (D-V2-19); near-zero tangent regularization arm=offset (D-V2-22, e_off=0.002); D-V2-19-R1 minimum plastic tangent H >= 0.01*E(T); E(T) from E_collapse.csv (D-V2-17 option (c)); D-V2-19 single-variable ladder arm 'ecol' (floor=1e+06 Pa, H_reg=1e+07 Pa)"
366.15,0.05,1.04096e+09,"modified J-C (Balbaa2022 p.33) A=650 B=1618 n=0.243 m=1.146 Tm=1290C Tr=20C; rate term omitted (D-V2-02); floor 1e+06 Pa + H_reg 1e+07 Pa (D-V2-19); near-zero tangent regularization arm=offset (D-V2-22, e_off=0.002); D-V2-19-R1 minimum plastic tangent H >= 0.01*E(T); E(T) from E_collapse.csv (D-V2-17 option (c)); D-V2-19 single-variable ladder arm 'ecol' (floor=1e+06 Pa, H_reg=1e+07 Pa)"
366.15,0.1,1.17645e+09,"modified J-C (Balbaa2022 p.33) A=650 B=1618 n=0.243 m=1.146 Tm=1290C Tr=20C; rate term omitted (D-V2-02); floor 1e+06 Pa + H_reg 1e+07 Pa (D-V2-19); near-zero tangent regularization arm=offset (D-V2-22, e_off=0.002); D-V2-19-R1 minimum plastic tangent H >= 0.01*E(T); E(T) from E_collapse.csv (D-V2-17 option (c)); D-V2-19 single-variable ladder arm 'ecol' (floor=1e+06 Pa, H_reg=1e+07 Pa)"
366.15,0.2,1.34405e+09,"modified J-C (Balbaa2022 p.33) A=650 B=1618 n=0.243 m=1.146 Tm=1290C Tr=20C; rate term omitted (D-V2-02); floor 1e+06 Pa + H_reg 1e+07 Pa (D-V2-19); near-zero tangent regularization arm=offset (D-V2-22, e_off=0.002); D-V2-19-R1 minimum plastic tangent H >= 0.01*E(T); E(T) from E_collapse.csv (D-V2-17 option (c)); D-V2-19 single-variable ladder arm 'ecol' (floor=1e+06 Pa, H_reg=1e+07 Pa)"
366.15,0.5,1.84685e+09,"modified J-C (Balbaa2022 p.33) A=650 B=1618 n=0.243 m=1.146 Tm=1290C Tr=20C; rate term omitted (D-V2-02); floor 1e+06 Pa + H_reg 1e+07 Pa (D-V2-19); near-zero tangent regularization arm=offset (D-V2-22, e_off=0.002); D-V2-19-R1 minimum plastic tangent H >= 0.01*E(T); E(T) from E_collapse.csv (D-V2-17 option (c)); D-V2-19 single-variable ladder arm 'ecol' (floor=1e+06 Pa, H_reg=1e+07 Pa)"
366.15,1,2.68485e+09,"modified J-C (Balbaa2022 p.33) A=650 B=1618 n=0.243 m=1.146 Tm=1290C Tr=20C; rate term omitted (D-V2-02); floor 1e+06 Pa + H_reg 1e+07 Pa (D-V2-19); near-zero tangent regularization arm=offset (D-V2-22, e_off=0.002); D-V2-19-R1 minimum plastic tangent H >= 0.01*E(T); E(T) from E_collapse.csv (D-V2-17 option (c)); D-V2-19 single-variable ladder arm 'ecol' (floor=1e+06 Pa, H_reg=1e+07 Pa)"
366.15,2,4.36085e+09,"modified J-C (Balbaa2022 p.33) A=650 B=1618 n=0.243 m=1.146 Tm=1290C Tr=20C; rate term omitted (D-V2-02); floor 1e+06 Pa + H_reg 1e+07 Pa (D-V2-19); near-zero tangent regularization arm=offset (D-V2-22, e_off=0.002); D-V2-19-R1 minimum plastic tangent H >= 0.01*E(T); E(T) from E_collapse.csv (D-V2-17 option (c)); D-V2-19 single-variable ladder arm 'ecol' (floor=1e+06 Pa, H_reg=1e+07 Pa)"
477.15,0,5.78971e+08,"modified J-C (Balbaa2022 p.33) A=650 B=1618 n=0.243 m=1.146 Tm=1290C Tr=20C; rate term omitted (D-V2-02); floor 1e+06 Pa + H_reg 1e+07 Pa (D-V2-19); near-zero tangent regularization arm=offset (D-V2-22, e_off=0.002); D-V2-19-R1 minimum plastic tangent H >= 0.01*E(T); E(T) from E_collapse.csv (D-V2-17 option (c)); D-V2-19 single-variable ladder arm 'ecol' (floor=1e+06 Pa, H_reg=1e+07 Pa)"
477.15,0.0005,5.96713e+08,"modified J-C (Balbaa2022 p.33) A=650 B=1618 n=0.243 m=1.146 Tm=1290C Tr=20C; rate term omitted (D-V2-02); floor 1e+06 Pa + H_reg 1e+07 Pa (D-V2-19); near-zero tangent regularization arm=offset (D-V2-22, e_off=0.002); D-V2-19-R1 minimum plastic tangent H >= 0.01*E(T); E(T) from E_collapse.csv (D-V2-17 option (c)); D-V2-19 single-variable ladder arm 'ecol' (floor=1e+06 Pa, H_reg=1e+07 Pa)"
477.15,0.001,6.11942e+08,"modified J-C (Balbaa2022 p.33) A=650 B=1618 n=0.243 m=1.146 Tm=1290C Tr=20C; rate term omitted (D-V2-02); floor 1e+06 Pa + H_reg 1e+07 Pa (D-V2-19); near-zero tangent regularization arm=offset (D-V2-22, e_off=0.002); D-V2-19-R1 minimum plastic tangent H >= 0.01*E(T); E(T) from E_collapse.csv (D-V2-17 option (c)); D-V2-19 single-variable ladder arm 'ecol' (floor=1e+06 Pa, H_reg=1e+07 Pa)"
477.15,0.002,6.37388e+08,"modified J-C (Balbaa2022 p.33) A=650 B=1618 n=0.243 m=1.146 Tm=1290C Tr=20C; rate term omitted (D-V2-02); floor 1e+06 Pa + H_reg 1e+07 Pa (D-V2-19); near-zero tangent regularization arm=offset (D-V2-22, e_off=0.002); D-V2-19-R1 minimum plastic tangent H >= 0.01*E(T); E(T) from E_collapse.csv (D-V2-17 option (c)); D-V2-19 single-variable ladder arm 'ecol' (floor=1e+06 Pa, H_reg=1e+07 Pa)"
477.15,0.005,6.92294e+08,"modified J-C (Balbaa2022 p.33) A=650 B=1618 n=0.243 m=1.146 Tm=1290C Tr=20C; rate term omitted (D-V2-02); floor 1e+06 Pa + H_reg 1e+07 Pa (D-V2-19); near-zero tangent regularization arm=offset (D-V2-22, e_off=0.002); D-V2-19-R1 minimum plastic tangent H >= 0.01*E(T); E(T) from E_collapse.csv (D-V2-17 option (c)); D-V2-19 single-variable ladder arm 'ecol' (floor=1e+06 Pa, H_reg=1e+07 Pa)"
477.15,0.01,7.52743e+08,"modified J-C (Balbaa2022 p.33) A=650 B=1618 n=0.243 m=1.146 Tm=1290C Tr=20C; rate term omitted (D-V2-02); floor 1e+06 Pa + H_reg 1e+07 Pa (D-V2-19); near-zero tangent regularization arm=offset (D-V2-22, e_off=0.002); D-V2-19-R1 minimum plastic tangent H >= 0.01*E(T); E(T) from E_collapse.csv (D-V2-17 option (c)); D-V2-19 single-variable ladder arm 'ecol' (floor=1e+06 Pa, H_reg=1e+07 Pa)"
477.15,0.02,8.30918e+08,"modified J-C (Balbaa2022 p.33) A=650 B=1618 n=0.243 m=1.146 Tm=1290C Tr=20C; rate term omitted (D-V2-02); floor 1e+06 Pa + H_reg 1e+07 Pa (D-V2-19); near-zero tangent regularization arm=offset (D-V2-22, e_off=0.002); D-V2-19-R1 minimum plastic tangent H >= 0.01*E(T); E(T) from E_collapse.csv (D-V2-17 option (c)); D-V2-19 single-variable ladder arm 'ecol' (floor=1e+06 Pa, H_reg=1e+07 Pa)"
477.15,0.05,9.63749e+08,"modified J-C (Balbaa2022 p.33) A=650 B=1618 n=0.243 m=1.146 Tm=1290C Tr=20C; rate term omitted (D-V2-02); floor 1e+06 Pa + H_reg 1e+07 Pa (D-V2-19); near-zero tangent regularization arm=offset (D-V2-22, e_off=0.002); D-V2-19-R1 minimum plastic tangent H >= 0.01*E(T); E(T) from E_collapse.csv (D-V2-17 option (c)); D-V2-19 single-variable ladder arm 'ecol' (floor=1e+06 Pa, H_reg=1e+07 Pa)"
477.15,0.1,1.08923e+09,"modified J-C (Balbaa2022 p.33) A=650 B=1618 n=0.243 m=1.146 Tm=1290C Tr=20C; rate term omitted (D-V2-02); floor 1e+06 Pa + H_reg 1e+07 Pa (D-V2-19); near-zero tangent regularization arm=offset (D-V2-22, e_off=0.002); D-V2-19-R1 minimum plastic tangent H >= 0.01*E(T); E(T) from E_collapse.csv (D-V2-17 option (c)); D-V2-19 single-variable ladder arm 'ecol' (floor=1e+06 Pa, H_reg=1e+07 Pa)"
477.15,0.2,1.25063e+09,"modified J-C (Balbaa2022 p.33) A=650 B=1618 n=0.243 m=1.146 Tm=1290C Tr=20C; rate term omitted (D-V2-02); floor 1e+06 Pa + H_reg 1e+07 Pa (D-V2-19); near-zero tangent regularization arm=offset (D-V2-22, e_off=0.002); D-V2-19-R1 minimum plastic tangent H >= 0.01*E(T); E(T) from E_collapse.csv (D-V2-17 option (c)); D-V2-19 single-variable ladder arm 'ecol' (floor=1e+06 Pa, H_reg=1e+07 Pa)"
477.15,0.5,1.73483e+09,"modified J-C (Balbaa2022 p.33) A=650 B=1618 n=0.243 m=1.146 Tm=1290C Tr=20C; rate term omitted (D-V2-02); floor 1e+06 Pa + H_reg 1e+07 Pa (D-V2-19); near-zero tangent regularization arm=offset (D-V2-22, e_off=0.002); D-V2-19-R1 minimum plastic tangent H >= 0.01*E(T); E(T) from E_collapse.csv (D-V2-17 option (c)); D-V2-19 single-variable ladder arm 'ecol' (floor=1e+06 Pa, H_reg=1e+07 Pa)"
477.15,1,2.54183e+09,"modified J-C (Balbaa2022 p.33) A=650 B=1618 n=0.243 m=1.146 Tm=1290C Tr=20C; rate term omitted (D-V2-02); floor 1e+06 Pa + H_reg 1e+07 Pa (D-V2-19); near-zero tangent regularization arm=offset (D-V2-22, e_off=0.002); D-V2-19-R1 minimum plastic tangent H >= 0.01*E(T); E(T) from E_collapse.csv (D-V2-17 option (c)); D-V2-19 single-variable ladder arm 'ecol' (floor=1e+06 Pa, H_reg=1e+07 Pa)"
477.15,2,4.15583e+09,"modified J-C (Balbaa2022 p.33) A=650 B=1618 n=0.243 m=1.146 Tm=1290C Tr=20C; rate term omitted (D-V2-02); floor 1e+06 Pa + H_reg 1e+07 Pa (D-V2-19); near-zero tangent regularization arm=offset (D-V2-22, e_off=0.002); D-V2-19-R1 minimum plastic tangent H >= 0.01*E(T); E(T) from E_collapse.csv (D-V2-17 option (c)); D-V2-19 single-variable ladder arm 'ecol' (floor=1e+06 Pa, H_reg=1e+07 Pa)"
589.15,0,5.27523e+08,"modified J-C (Balbaa2022 p.33) A=650 B=1618 n=0.243 m=1.146 Tm=1290C Tr=20C; rate term omitted (D-V2-02); floor 1e+06 Pa + H_reg 1e+07 Pa (D-V2-19); near-zero tangent regularization arm=offset (D-V2-22, e_off=0.002); D-V2-19-R1 minimum plastic tangent H >= 0.01*E(T); E(T) from E_collapse.csv (D-V2-17 option (c)); D-V2-19 single-variable ladder arm 'ecol' (floor=1e+06 Pa, H_reg=1e+07 Pa)"
589.15,0.0005,5.43689e+08,"modified J-C (Balbaa2022 p.33) A=650 B=1618 n=0.243 m=1.146 Tm=1290C Tr=20C; rate term omitted (D-V2-02); floor 1e+06 Pa + H_reg 1e+07 Pa (D-V2-19); near-zero tangent regularization arm=offset (D-V2-22, e_off=0.002); D-V2-19-R1 minimum plastic tangent H >= 0.01*E(T); E(T) from E_collapse.csv (D-V2-17 option (c)); D-V2-19 single-variable ladder arm 'ecol' (floor=1e+06 Pa, H_reg=1e+07 Pa)"
589.15,0.001,5.57565e+08,"modified J-C (Balbaa2022 p.33) A=650 B=1618 n=0.243 m=1.146 Tm=1290C Tr=20C; rate term omitted (D-V2-02); floor 1e+06 Pa + H_reg 1e+07 Pa (D-V2-19); near-zero tangent regularization arm=offset (D-V2-22, e_off=0.002); D-V2-19-R1 minimum plastic tangent H >= 0.01*E(T); E(T) from E_collapse.csv (D-V2-17 option (c)); D-V2-19 single-variable ladder arm 'ecol' (floor=1e+06 Pa, H_reg=1e+07 Pa)"
589.15,0.002,5.80751e+08,"modified J-C (Balbaa2022 p.33) A=650 B=1618 n=0.243 m=1.146 Tm=1290C Tr=20C; rate term omitted (D-V2-02); floor 1e+06 Pa + H_reg 1e+07 Pa (D-V2-19); near-zero tangent regularization arm=offset (D-V2-22, e_off=0.002); D-V2-19-R1 minimum plastic tangent H >= 0.01*E(T); E(T) from E_collapse.csv (D-V2-17 option (c)); D-V2-19 single-variable ladder arm 'ecol' (floor=1e+06 Pa, H_reg=1e+07 Pa)"
589.15,0.005,6.30781e+08,"modified J-C (Balbaa2022 p.33) A=650 B=1618 n=0.243 m=1.146 Tm=1290C Tr=20C; rate term omitted (D-V2-02); floor 1e+06 Pa + H_reg 1e+07 Pa (D-V2-19); near-zero tangent regularization arm=offset (D-V2-22, e_off=0.002); D-V2-19-R1 minimum plastic tangent H >= 0.01*E(T); E(T) from E_collapse.csv (D-V2-17 option (c)); D-V2-19 single-variable ladder arm 'ecol' (floor=1e+06 Pa, H_reg=1e+07 Pa)"
589.15,0.01,6.85862e+08,"modified J-C (Balbaa2022 p.33) A=650 B=1618 n=0.243 m=1.146 Tm=1290C Tr=20C; rate term omitted (D-V2-02); floor 1e+06 Pa + H_reg 1e+07 Pa (D-V2-19); near-zero tangent regularization arm=offset (D-V2-22, e_off=0.002); D-V2-19-R1 minimum plastic tangent H >= 0.01*E(T); E(T) from E_collapse.csv (D-V2-17 option (c)); D-V2-19 single-variable ladder arm 'ecol' (floor=1e+06 Pa, H_reg=1e+07 Pa)"
589.15,0.02,7.571e+08,"modified J-C (Balbaa2022 p.33) A=650 B=1618 n=0.243 m=1.146 Tm=1290C Tr=20C; rate term omitted (D-V2-02); floor 1e+06 Pa + H_reg 1e+07 Pa (D-V2-19); near-zero tangent regularization arm=offset (D-V2-22, e_off=0.002); D-V2-19-R1 minimum plastic tangent H >= 0.01*E(T); E(T) from E_collapse.csv (D-V2-17 option (c)); D-V2-19 single-variable ladder arm 'ecol' (floor=1e+06 Pa, H_reg=1e+07 Pa)"
589.15,0.05,8.78154e+08,"modified J-C (Balbaa2022 p.33) A=650 B=1618 n=0.243 m=1.146 Tm=1290C Tr=20C; rate term omitted (D-V2-02); floor 1e+06 Pa + H_reg 1e+07 Pa (D-V2-19); near-zero tangent regularization arm=offset (D-V2-22, e_off=0.002); D-V2-19-R1 minimum plastic tangent H >= 0.01*E(T); E(T) from E_collapse.csv (D-V2-17 option (c)); D-V2-19 single-variable ladder arm 'ecol' (floor=1e+06 Pa, H_reg=1e+07 Pa)"
589.15,0.1,9.92527e+08,"modified J-C (Balbaa2022 p.33) A=650 B=1618 n=0.243 m=1.146 Tm=1290C Tr=20C; rate term omitted (D-V2-02); floor 1e+06 Pa + H_reg 1e+07 Pa (D-V2-19); near-zero tangent regularization arm=offset (D-V2-22, e_off=0.002); D-V2-19-R1 minimum plastic tangent H >= 0.01*E(T); E(T) from E_collapse.csv (D-V2-17 option (c)); D-V2-19 single-variable ladder arm 'ecol' (floor=1e+06 Pa, H_reg=1e+07 Pa)"
589.15,0.2,1.14773e+09,"modified J-C (Balbaa2022 p.33) A=650 B=1618 n=0.243 m=1.146 Tm=1290C Tr=20C; rate term omitted (D-V2-02); floor 1e+06 Pa + H_reg 1e+07 Pa (D-V2-19); near-zero tangent regularization arm=offset (D-V2-22, e_off=0.002); D-V2-19-R1 minimum plastic tangent H >= 0.01*E(T); E(T) from E_collapse.csv (D-V2-17 option (c)); D-V2-19 single-variable ladder arm 'ecol' (floor=1e+06 Pa, H_reg=1e+07 Pa)"
589.15,0.5,1.61333e+09,"modified J-C (Balbaa2022 p.33) A=650 B=1618 n=0.243 m=1.146 Tm=1290C Tr=20C; rate term omitted (D-V2-02); floor 1e+06 Pa + H_reg 1e+07 Pa (D-V2-19); near-zero tangent regularization arm=offset (D-V2-22, e_off=0.002); D-V2-19-R1 minimum plastic tangent H >= 0.01*E(T); E(T) from E_collapse.csv (D-V2-17 option (c)); D-V2-19 single-variable ladder arm 'ecol' (floor=1e+06 Pa, H_reg=1e+07 Pa)"
589.15,1,2.38933e+09,"modified J-C (Balbaa2022 p.33) A=650 B=1618 n=0.243 m=1.146 Tm=1290C Tr=20C; rate term omitted (D-V2-02); floor 1e+06 Pa + H_reg 1e+07 Pa (D-V2-19); near-zero tangent regularization arm=offset (D-V2-22, e_off=0.002); D-V2-19-R1 minimum plastic tangent H >= 0.01*E(T); E(T) from E_collapse.csv (D-V2-17 option (c)); D-V2-19 single-variable ladder arm 'ecol' (floor=1e+06 Pa, H_reg=1e+07 Pa)"
589.15,2,3.94133e+09,"modified J-C (Balbaa2022 p.33) A=650 B=1618 n=0.243 m=1.146 Tm=1290C Tr=20C; rate term omitted (D-V2-02); floor 1e+06 Pa + H_reg 1e+07 Pa (D-V2-19); near-zero tangent regularization arm=offset (D-V2-22, e_off=0.002); D-V2-19-R1 minimum plastic tangent H >= 0.01*E(T); E(T) from E_collapse.csv (D-V2-17 option (c)); D-V2-19 single-variable ladder arm 'ecol' (floor=1e+06 Pa, H_reg=1e+07 Pa)"
700.15,0,4.73579e+08,"modified J-C (Balbaa2022 p.33) A=650 B=1618 n=0.243 m=1.146 Tm=1290C Tr=20C; rate term omitted (D-V2-02); floor 1e+06 Pa + H_reg 1e+07 Pa (D-V2-19); near-zero tangent regularization arm=offset (D-V2-22, e_off=0.002); D-V2-19-R1 minimum plastic tangent H >= 0.01*E(T); E(T) from E_collapse.csv (D-V2-17 option (c)); D-V2-19 single-variable ladder arm 'ecol' (floor=1e+06 Pa, H_reg=1e+07 Pa)"
700.15,0.0005,4.88093e+08,"modified J-C (Balbaa2022 p.33) A=650 B=1618 n=0.243 m=1.146 Tm=1290C Tr=20C; rate term omitted (D-V2-02); floor 1e+06 Pa + H_reg 1e+07 Pa (D-V2-19); near-zero tangent regularization arm=offset (D-V2-22, e_off=0.002); D-V2-19-R1 minimum plastic tangent H >= 0.01*E(T); E(T) from E_collapse.csv (D-V2-17 option (c)); D-V2-19 single-variable ladder arm 'ecol' (floor=1e+06 Pa, H_reg=1e+07 Pa)"
700.15,0.001,5.0055e+08,"modified J-C (Balbaa2022 p.33) A=650 B=1618 n=0.243 m=1.146 Tm=1290C Tr=20C; rate term omitted (D-V2-02); floor 1e+06 Pa + H_reg 1e+07 Pa (D-V2-19); near-zero tangent regularization arm=offset (D-V2-22, e_off=0.002); D-V2-19-R1 minimum plastic tangent H >= 0.01*E(T); E(T) from E_collapse.csv (D-V2-17 option (c)); D-V2-19 single-variable ladder arm 'ecol' (floor=1e+06 Pa, H_reg=1e+07 Pa)"
700.15,0.002,5.21366e+08,"modified J-C (Balbaa2022 p.33) A=650 B=1618 n=0.243 m=1.146 Tm=1290C Tr=20C; rate term omitted (D-V2-02); floor 1e+06 Pa + H_reg 1e+07 Pa (D-V2-19); near-zero tangent regularization arm=offset (D-V2-22, e_off=0.002); D-V2-19-R1 minimum plastic tangent H >= 0.01*E(T); E(T) from E_collapse.csv (D-V2-17 option (c)); D-V2-19 single-variable ladder arm 'ecol' (floor=1e+06 Pa, H_reg=1e+07 Pa)"
700.15,0.005,5.66283e+08,"modified J-C (Balbaa2022 p.33) A=650 B=1618 n=0.243 m=1.146 Tm=1290C Tr=20C; rate term omitted (D-V2-02); floor 1e+06 Pa + H_reg 1e+07 Pa (D-V2-19); near-zero tangent regularization arm=offset (D-V2-22, e_off=0.002); D-V2-19-R1 minimum plastic tangent H >= 0.01*E(T); E(T) from E_collapse.csv (D-V2-17 option (c)); D-V2-19 single-variable ladder arm 'ecol' (floor=1e+06 Pa, H_reg=1e+07 Pa)"
700.15,0.01,6.15737e+08,"modified J-C (Balbaa2022 p.33) A=650 B=1618 n=0.243 m=1.146 Tm=1290C Tr=20C; rate term omitted (D-V2-02); floor 1e+06 Pa + H_reg 1e+07 Pa (D-V2-19); near-zero tangent regularization arm=offset (D-V2-22, e_off=0.002); D-V2-19-R1 minimum plastic tangent H >= 0.01*E(T); E(T) from E_collapse.csv (D-V2-17 option (c)); D-V2-19 single-variable ladder arm 'ecol' (floor=1e+06 Pa, H_reg=1e+07 Pa)"
700.15,0.02,6.797e+08,"modified J-C (Balbaa2022 p.33) A=650 B=1618 n=0.243 m=1.146 Tm=1290C Tr=20C; rate term omitted (D-V2-02); floor 1e+06 Pa + H_reg 1e+07 Pa (D-V2-19); near-zero tangent regularization arm=offset (D-V2-22, e_off=0.002); D-V2-19-R1 minimum plastic tangent H >= 0.01*E(T); E(T) from E_collapse.csv (D-V2-17 option (c)); D-V2-19 single-variable ladder arm 'ecol' (floor=1e+06 Pa, H_reg=1e+07 Pa)"
700.15,0.05,7.88406e+08,"modified J-C (Balbaa2022 p.33) A=650 B=1618 n=0.243 m=1.146 Tm=1290C Tr=20C; rate term omitted (D-V2-02); floor 1e+06 Pa + H_reg 1e+07 Pa (D-V2-19); near-zero tangent regularization arm=offset (D-V2-22, e_off=0.002); D-V2-19-R1 minimum plastic tangent H >= 0.01*E(T); E(T) from E_collapse.csv (D-V2-17 option (c)); D-V2-19 single-variable ladder arm 'ecol' (floor=1e+06 Pa, H_reg=1e+07 Pa)"
700.15,0.1,8.91135e+08,"modified J-C (Balbaa2022 p.33) A=650 B=1618 n=0.243 m=1.146 Tm=1290C Tr=20C; rate term omitted (D-V2-02); floor 1e+06 Pa + H_reg 1e+07 Pa (D-V2-19); near-zero tangent regularization arm=offset (D-V2-22, e_off=0.002); D-V2-19-R1 minimum plastic tangent H >= 0.01*E(T); E(T) from E_collapse.csv (D-V2-17 option (c)); D-V2-19 single-variable ladder arm 'ecol' (floor=1e+06 Pa, H_reg=1e+07 Pa)"
700.15,0.2,1.04014e+09,"modified J-C (Balbaa2022 p.33) A=650 B=1618 n=0.243 m=1.146 Tm=1290C Tr=20C; rate term omitted (D-V2-02); floor 1e+06 Pa + H_reg 1e+07 Pa (D-V2-19); near-zero tangent regularization arm=offset (D-V2-22, e_off=0.002); D-V2-19-R1 minimum plastic tangent H >= 0.01*E(T); E(T) from E_collapse.csv (D-V2-17 option (c)); D-V2-19 single-variable ladder arm 'ecol' (floor=1e+06 Pa, H_reg=1e+07 Pa)"
700.15,0.5,1.48714e+09,"modified J-C (Balbaa2022 p.33) A=650 B=1618 n=0.243 m=1.146 Tm=1290C Tr=20C; rate term omitted (D-V2-02); floor 1e+06 Pa + H_reg 1e+07 Pa (D-V2-19); near-zero tangent regularization arm=offset (D-V2-22, e_off=0.002); D-V2-19-R1 minimum plastic tangent H >= 0.01*E(T); E(T) from E_collapse.csv (D-V2-17 option (c)); D-V2-19 single-variable ladder arm 'ecol' (floor=1e+06 Pa, H_reg=1e+07 Pa)"
700.15,1,2.23214e+09,"modified J-C (Balbaa2022 p.33) A=650 B=1618 n=0.243 m=1.146 Tm=1290C Tr=20C; rate term omitted (D-V2-02); floor 1e+06 Pa + H_reg 1e+07 Pa (D-V2-19); near-zero tangent regularization arm=offset (D-V2-22, e_off=0.002); D-V2-19-R1 minimum plastic tangent H >= 0.01*E(T); E(T) from E_collapse.csv (D-V2-17 option (c)); D-V2-19 single-variable ladder arm 'ecol' (floor=1e+06 Pa, H_reg=1e+07 Pa)"
700.15,2,3.72214e+09,"modified J-C (Balbaa2022 p.33) A=650 B=1618 n=0.243 m=1.146 Tm=1290C Tr=20C; rate term omitted (D-V2-02); floor 1e+06 Pa + H_reg 1e+07 Pa (D-V2-19); near-zero tangent regularization arm=offset (D-V2-22, e_off=0.002); D-V2-19-R1 minimum plastic tangent H >= 0.01*E(T); E(T) from E_collapse.csv (D-V2-17 option (c)); D-V2-19 single-variable ladder arm 'ecol' (floor=1e+06 Pa, H_reg=1e+07 Pa)"
811.15,0,4.17418e+08,"modified J-C (Balbaa2022 p.33) A=650 B=1618 n=0.243 m=1.146 Tm=1290C Tr=20C; rate term omitted (D-V2-02); floor 1e+06 Pa + H_reg 1e+07 Pa (D-V2-19); near-zero tangent regularization arm=offset (D-V2-22, e_off=0.002); D-V2-19-R1 minimum plastic tangent H >= 0.01*E(T); E(T) from E_collapse.csv (D-V2-17 option (c)); D-V2-19 single-variable ladder arm 'ecol' (floor=1e+06 Pa, H_reg=1e+07 Pa)"
811.15,0.0005,4.30211e+08,"modified J-C (Balbaa2022 p.33) A=650 B=1618 n=0.243 m=1.146 Tm=1290C Tr=20C; rate term omitted (D-V2-02); floor 1e+06 Pa + H_reg 1e+07 Pa (D-V2-19); near-zero tangent regularization arm=offset (D-V2-22, e_off=0.002); D-V2-19-R1 minimum plastic tangent H >= 0.01*E(T); E(T) from E_collapse.csv (D-V2-17 option (c)); D-V2-19 single-variable ladder arm 'ecol' (floor=1e+06 Pa, H_reg=1e+07 Pa)"
811.15,0.001,4.41192e+08,"modified J-C (Balbaa2022 p.33) A=650 B=1618 n=0.243 m=1.146 Tm=1290C Tr=20C; rate term omitted (D-V2-02); floor 1e+06 Pa + H_reg 1e+07 Pa (D-V2-19); near-zero tangent regularization arm=offset (D-V2-22, e_off=0.002); D-V2-19-R1 minimum plastic tangent H >= 0.01*E(T); E(T) from E_collapse.csv (D-V2-17 option (c)); D-V2-19 single-variable ladder arm 'ecol' (floor=1e+06 Pa, H_reg=1e+07 Pa)"
811.15,0.002,4.5954e+08,"modified J-C (Balbaa2022 p.33) A=650 B=1618 n=0.243 m=1.146 Tm=1290C Tr=20C; rate term omitted (D-V2-02); floor 1e+06 Pa + H_reg 1e+07 Pa (D-V2-19); near-zero tangent regularization arm=offset (D-V2-22, e_off=0.002); D-V2-19-R1 minimum plastic tangent H >= 0.01*E(T); E(T) from E_collapse.csv (D-V2-17 option (c)); D-V2-19 single-variable ladder arm 'ecol' (floor=1e+06 Pa, H_reg=1e+07 Pa)"
811.15,0.005,4.99134e+08,"modified J-C (Balbaa2022 p.33) A=650 B=1618 n=0.243 m=1.146 Tm=1290C Tr=20C; rate term omitted (D-V2-02); floor 1e+06 Pa + H_reg 1e+07 Pa (D-V2-19); near-zero tangent regularization arm=offset (D-V2-22, e_off=0.002); D-V2-19-R1 minimum plastic tangent H >= 0.01*E(T); E(T) from E_collapse.csv (D-V2-17 option (c)); D-V2-19 single-variable ladder arm 'ecol' (floor=1e+06 Pa, H_reg=1e+07 Pa)"
811.15,0.01,5.42729e+08,"modified J-C (Balbaa2022 p.33) A=650 B=1618 n=0.243 m=1.146 Tm=1290C Tr=20C; rate term omitted (D-V2-02); floor 1e+06 Pa + H_reg 1e+07 Pa (D-V2-19); near-zero tangent regularization arm=offset (D-V2-22, e_off=0.002); D-V2-19-R1 minimum plastic tangent H >= 0.01*E(T); E(T) from E_collapse.csv (D-V2-17 option (c)); D-V2-19 single-variable ladder arm 'ecol' (floor=1e+06 Pa, H_reg=1e+07 Pa)"
811.15,0.02,5.99119e+08,"modified J-C (Balbaa2022 p.33) A=650 B=1618 n=0.243 m=1.146 Tm=1290C Tr=20C; rate term omitted (D-V2-02); floor 1e+06 Pa + H_reg 1e+07 Pa (D-V2-19); near-zero tangent regularization arm=offset (D-V2-22, e_off=0.002); D-V2-19-R1 minimum plastic tangent H >= 0.01*E(T); E(T) from E_collapse.csv (D-V2-17 option (c)); D-V2-19 single-variable ladder arm 'ecol' (floor=1e+06 Pa, H_reg=1e+07 Pa)"
811.15,0.05,6.94969e+08,"modified J-C (Balbaa2022 p.33) A=650 B=1618 n=0.243 m=1.146 Tm=1290C Tr=20C; rate term omitted (D-V2-02); floor 1e+06 Pa + H_reg 1e+07 Pa (D-V2-19); near-zero tangent regularization arm=offset (D-V2-22, e_off=0.002); D-V2-19-R1 minimum plastic tangent H >= 0.01*E(T); E(T) from E_collapse.csv (D-V2-17 option (c)); D-V2-19 single-variable ladder arm 'ecol' (floor=1e+06 Pa, H_reg=1e+07 Pa)"
811.15,0.1,7.85575e+08,"modified J-C (Balbaa2022 p.33) A=650 B=1618 n=0.243 m=1.146 Tm=1290C Tr=20C; rate term omitted (D-V2-02); floor 1e+06 Pa + H_reg 1e+07 Pa (D-V2-19); near-zero tangent regularization arm=offset (D-V2-22, e_off=0.002); D-V2-19-R1 minimum plastic tangent H >= 0.01*E(T); E(T) from E_collapse.csv (D-V2-17 option (c)); D-V2-19 single-variable ladder arm 'ecol' (floor=1e+06 Pa, H_reg=1e+07 Pa)"
811.15,0.2,9.27675e+08,"modified J-C (Balbaa2022 p.33) A=650 B=1618 n=0.243 m=1.146 Tm=1290C Tr=20C; rate term omitted (D-V2-02); floor 1e+06 Pa + H_reg 1e+07 Pa (D-V2-19); near-zero tangent regularization arm=offset (D-V2-22, e_off=0.002); D-V2-19-R1 minimum plastic tangent H >= 0.01*E(T); E(T) from E_collapse.csv (D-V2-17 option (c)); D-V2-19 single-variable ladder arm 'ecol' (floor=1e+06 Pa, H_reg=1e+07 Pa)"
811.15,0.5,1.35397e+09,"modified J-C (Balbaa2022 p.33) A=650 B=1618 n=0.243 m=1.146 Tm=1290C Tr=20C; rate term omitted (D-V2-02); floor 1e+06 Pa + H_reg 1e+07 Pa (D-V2-19); near-zero tangent regularization arm=offset (D-V2-22, e_off=0.002); D-V2-19-R1 minimum plastic tangent H >= 0.01*E(T); E(T) from E_collapse.csv (D-V2-17 option (c)); D-V2-19 single-variable ladder arm 'ecol' (floor=1e+06 Pa, H_reg=1e+07 Pa)"
811.15,1,2.06447e+09,"modified J-C (Balbaa2022 p.33) A=650 B=1618 n=0.243 m=1.146 Tm=1290C Tr=20C; rate term omitted (D-V2-02); floor 1e+06 Pa + H_reg 1e+07 Pa (D-V2-19); near-zero tangent regularization arm=offset (D-V2-22, e_off=0.002); D-V2-19-R1 minimum plastic tangent H >= 0.01*E(T); E(T) from E_collapse.csv (D-V2-17 option (c)); D-V2-19 single-variable ladder arm 'ecol' (floor=1e+06 Pa, H_reg=1e+07 Pa)"
811.15,2,3.48547e+09,"modified J-C (Balbaa2022 p.33) A=650 B=1618 n=0.243 m=1.146 Tm=1290C Tr=20C; rate term omitted (D-V2-02); floor 1e+06 Pa + H_reg 1e+07 Pa (D-V2-19); near-zero tangent regularization arm=offset (D-V2-22, e_off=0.002); D-V2-19-R1 minimum plastic tangent H >= 0.01*E(T); E(T) from E_collapse.csv (D-V2-17 option (c)); D-V2-19 single-variable ladder arm 'ecol' (floor=1e+06 Pa, H_reg=1e+07 Pa)"
922.15,0,3.59459e+08,"modified J-C (Balbaa2022 p.33) A=650 B=1618 n=0.243 m=1.146 Tm=1290C Tr=20C; rate term omitted (D-V2-02); floor 1e+06 Pa + H_reg 1e+07 Pa (D-V2-19); near-zero tangent regularization arm=offset (D-V2-22, e_off=0.002); D-V2-19-R1 minimum plastic tangent H >= 0.01*E(T); E(T) from E_collapse.csv (D-V2-17 option (c)); D-V2-19 single-variable ladder arm 'ecol' (floor=1e+06 Pa, H_reg=1e+07 Pa)"
922.15,0.0005,3.70476e+08,"modified J-C (Balbaa2022 p.33) A=650 B=1618 n=0.243 m=1.146 Tm=1290C Tr=20C; rate term omitted (D-V2-02); floor 1e+06 Pa + H_reg 1e+07 Pa (D-V2-19); near-zero tangent regularization arm=offset (D-V2-22, e_off=0.002); D-V2-19-R1 minimum plastic tangent H >= 0.01*E(T); E(T) from E_collapse.csv (D-V2-17 option (c)); D-V2-19 single-variable ladder arm 'ecol' (floor=1e+06 Pa, H_reg=1e+07 Pa)"
922.15,0.001,3.79933e+08,"modified J-C (Balbaa2022 p.33) A=650 B=1618 n=0.243 m=1.146 Tm=1290C Tr=20C; rate term omitted (D-V2-02); floor 1e+06 Pa + H_reg 1e+07 Pa (D-V2-19); near-zero tangent regularization arm=offset (D-V2-22, e_off=0.002); D-V2-19-R1 minimum plastic tangent H >= 0.01*E(T); E(T) from E_collapse.csv (D-V2-17 option (c)); D-V2-19 single-variable ladder arm 'ecol' (floor=1e+06 Pa, H_reg=1e+07 Pa)"
922.15,0.002,3.95735e+08,"modified J-C (Balbaa2022 p.33) A=650 B=1618 n=0.243 m=1.146 Tm=1290C Tr=20C; rate term omitted (D-V2-02); floor 1e+06 Pa + H_reg 1e+07 Pa (D-V2-19); near-zero tangent regularization arm=offset (D-V2-22, e_off=0.002); D-V2-19-R1 minimum plastic tangent H >= 0.01*E(T); E(T) from E_collapse.csv (D-V2-17 option (c)); D-V2-19 single-variable ladder arm 'ecol' (floor=1e+06 Pa, H_reg=1e+07 Pa)"
922.15,0.005,4.29835e+08,"modified J-C (Balbaa2022 p.33) A=650 B=1618 n=0.243 m=1.146 Tm=1290C Tr=20C; rate term omitted (D-V2-02); floor 1e+06 Pa + H_reg 1e+07 Pa (D-V2-19); near-zero tangent regularization arm=offset (D-V2-22, e_off=0.002); D-V2-19-R1 minimum plastic tangent H >= 0.01*E(T); E(T) from E_collapse.csv (D-V2-17 option (c)); D-V2-19 single-variable ladder arm 'ecol' (floor=1e+06 Pa, H_reg=1e+07 Pa)"
922.15,0.01,4.67384e+08,"modified J-C (Balbaa2022 p.33) A=650 B=1618 n=0.243 m=1.146 Tm=1290C Tr=20C; rate term omitted (D-V2-02); floor 1e+06 Pa + H_reg 1e+07 Pa (D-V2-19); near-zero tangent regularization arm=offset (D-V2-22, e_off=0.002); D-V2-19-R1 minimum plastic tangent H >= 0.01*E(T); E(T) from E_collapse.csv (D-V2-17 option (c)); D-V2-19 single-variable ladder arm 'ecol' (floor=1e+06 Pa, H_reg=1e+07 Pa)"
922.15,0.02,5.15958e+08,"modified J-C (Balbaa2022 p.33) A=650 B=1618 n=0.243 m=1.146 Tm=1290C Tr=20C; rate term omitted (D-V2-02); floor 1e+06 Pa + H_reg 1e+07 Pa (D-V2-19); near-zero tangent regularization arm=offset (D-V2-22, e_off=0.002); D-V2-19-R1 minimum plastic tangent H >= 0.01*E(T); E(T) from E_collapse.csv (D-V2-17 option (c)); D-V2-19 single-variable ladder arm 'ecol' (floor=1e+06 Pa, H_reg=1e+07 Pa)"
922.15,0.05,5.98541e+08,"modified J-C (Balbaa2022 p.33) A=650 B=1618 n=0.243 m=1.146 Tm=1290C Tr=20C; rate term omitted (D-V2-02); floor 1e+06 Pa + H_reg 1e+07 Pa (D-V2-19); near-zero tangent regularization arm=offset (D-V2-22, e_off=0.002); D-V2-19-R1 minimum plastic tangent H >= 0.01*E(T); E(T) from E_collapse.csv (D-V2-17 option (c)); D-V2-19 single-variable ladder arm 'ecol' (floor=1e+06 Pa, H_reg=1e+07 Pa)"
922.15,0.1,6.76635e+08,"modified J-C (Balbaa2022 p.33) A=650 B=1618 n=0.243 m=1.146 Tm=1290C Tr=20C; rate term omitted (D-V2-02); floor 1e+06 Pa + H_reg 1e+07 Pa (D-V2-19); near-zero tangent regularization arm=offset (D-V2-22, e_off=0.002); D-V2-19-R1 minimum plastic tangent H >= 0.01*E(T); E(T) from E_collapse.csv (D-V2-17 option (c)); D-V2-19 single-variable ladder arm 'ecol' (floor=1e+06 Pa, H_reg=1e+07 Pa)"
922.15,0.2,8.10435e+08,"modified J-C (Balbaa2022 p.33) A=650 B=1618 n=0.243 m=1.146 Tm=1290C Tr=20C; rate term omitted (D-V2-02); floor 1e+06 Pa + H_reg 1e+07 Pa (D-V2-19); near-zero tangent regularization arm=offset (D-V2-22, e_off=0.002); D-V2-19-R1 minimum plastic tangent H >= 0.01*E(T); E(T) from E_collapse.csv (D-V2-17 option (c)); D-V2-19 single-variable ladder arm 'ecol' (floor=1e+06 Pa, H_reg=1e+07 Pa)"
922.15,0.5,1.21184e+09,"modified J-C (Balbaa2022 p.33) A=650 B=1618 n=0.243 m=1.146 Tm=1290C Tr=20C; rate term omitted (D-V2-02); floor 1e+06 Pa + H_reg 1e+07 Pa (D-V2-19); near-zero tangent regularization arm=offset (D-V2-22, e_off=0.002); D-V2-19-R1 minimum plastic tangent H >= 0.01*E(T); E(T) from E_collapse.csv (D-V2-17 option (c)); D-V2-19 single-variable ladder arm 'ecol' (floor=1e+06 Pa, H_reg=1e+07 Pa)"
922.15,1,1.88084e+09,"modified J-C (Balbaa2022 p.33) A=650 B=1618 n=0.243 m=1.146 Tm=1290C Tr=20C; rate term omitted (D-V2-02); floor 1e+06 Pa + H_reg 1e+07 Pa (D-V2-19); near-zero tangent regularization arm=offset (D-V2-22, e_off=0.002); D-V2-19-R1 minimum plastic tangent H >= 0.01*E(T); E(T) from E_collapse.csv (D-V2-17 option (c)); D-V2-19 single-variable ladder arm 'ecol' (floor=1e+06 Pa, H_reg=1e+07 Pa)"
922.15,2,3.21884e+09,"modified J-C (Balbaa2022 p.33) A=650 B=1618 n=0.243 m=1.146 Tm=1290C Tr=20C; rate term omitted (D-V2-02); floor 1e+06 Pa + H_reg 1e+07 Pa (D-V2-19); near-zero tangent regularization arm=offset (D-V2-22, e_off=0.002); D-V2-19-R1 minimum plastic tangent H >= 0.01*E(T); E(T) from E_collapse.csv (D-V2-17 option (c)); D-V2-19 single-variable ladder arm 'ecol' (floor=1e+06 Pa, H_reg=1e+07 Pa)"
1033.15,0,2.99979e+08,"modified J-C (Balbaa2022 p.33) A=650 B=1618 n=0.243 m=1.146 Tm=1290C Tr=20C; rate term omitted (D-V2-02); floor 1e+06 Pa + H_reg 1e+07 Pa (D-V2-19); near-zero tangent regularization arm=offset (D-V2-22, e_off=0.002); D-V2-19-R1 minimum plastic tangent H >= 0.01*E(T); E(T) from E_collapse.csv (D-V2-17 option (c)); D-V2-19 single-variable ladder arm 'ecol' (floor=1e+06 Pa, H_reg=1e+07 Pa)"
1033.15,0.0005,3.09174e+08,"modified J-C (Balbaa2022 p.33) A=650 B=1618 n=0.243 m=1.146 Tm=1290C Tr=20C; rate term omitted (D-V2-02); floor 1e+06 Pa + H_reg 1e+07 Pa (D-V2-19); near-zero tangent regularization arm=offset (D-V2-22, e_off=0.002); D-V2-19-R1 minimum plastic tangent H >= 0.01*E(T); E(T) from E_collapse.csv (D-V2-17 option (c)); D-V2-19 single-variable ladder arm 'ecol' (floor=1e+06 Pa, H_reg=1e+07 Pa)"
1033.15,0.001,3.17067e+08,"modified J-C (Balbaa2022 p.33) A=650 B=1618 n=0.243 m=1.146 Tm=1290C Tr=20C; rate term omitted (D-V2-02); floor 1e+06 Pa + H_reg 1e+07 Pa (D-V2-19); near-zero tangent regularization arm=offset (D-V2-22, e_off=0.002); D-V2-19-R1 minimum plastic tangent H >= 0.01*E(T); E(T) from E_collapse.csv (D-V2-17 option (c)); D-V2-19 single-variable ladder arm 'ecol' (floor=1e+06 Pa, H_reg=1e+07 Pa)"
1033.15,0.002,3.30256e+08,"modified J-C (Balbaa2022 p.33) A=650 B=1618 n=0.243 m=1.146 Tm=1290C Tr=20C; rate term omitted (D-V2-02); floor 1e+06 Pa + H_reg 1e+07 Pa (D-V2-19); near-zero tangent regularization arm=offset (D-V2-22, e_off=0.002); D-V2-19-R1 minimum plastic tangent H >= 0.01*E(T); E(T) from E_collapse.csv (D-V2-17 option (c)); D-V2-19 single-variable ladder arm 'ecol' (floor=1e+06 Pa, H_reg=1e+07 Pa)"
1033.15,0.005,3.58719e+08,"modified J-C (Balbaa2022 p.33) A=650 B=1618 n=0.243 m=1.146 Tm=1290C Tr=20C; rate term omitted (D-V2-02); floor 1e+06 Pa + H_reg 1e+07 Pa (D-V2-19); near-zero tangent regularization arm=offset (D-V2-22, e_off=0.002); D-V2-19-R1 minimum plastic tangent H >= 0.01*E(T); E(T) from E_collapse.csv (D-V2-17 option (c)); D-V2-19 single-variable ladder arm 'ecol' (floor=1e+06 Pa, H_reg=1e+07 Pa)"
1033.15,0.01,3.90063e+08,"modified J-C (Balbaa2022 p.33) A=650 B=1618 n=0.243 m=1.146 Tm=1290C Tr=20C; rate term omitted (D-V2-02); floor 1e+06 Pa + H_reg 1e+07 Pa (D-V2-19); near-zero tangent regularization arm=offset (D-V2-22, e_off=0.002); D-V2-19-R1 minimum plastic tangent H >= 0.01*E(T); E(T) from E_collapse.csv (D-V2-17 option (c)); D-V2-19 single-variable ladder arm 'ecol' (floor=1e+06 Pa, H_reg=1e+07 Pa)"
1033.15,0.02,4.30616e+08,"modified J-C (Balbaa2022 p.33) A=650 B=1618 n=0.243 m=1.146 Tm=1290C Tr=20C; rate term omitted (D-V2-02); floor 1e+06 Pa + H_reg 1e+07 Pa (D-V2-19); near-zero tangent regularization arm=offset (D-V2-22, e_off=0.002); D-V2-19-R1 minimum plastic tangent H >= 0.01*E(T); E(T) from E_collapse.csv (D-V2-17 option (c)); D-V2-19 single-variable ladder arm 'ecol' (floor=1e+06 Pa, H_reg=1e+07 Pa)"
1033.15,0.05,4.99583e+08,"modified J-C (Balbaa2022 p.33) A=650 B=1618 n=0.243 m=1.146 Tm=1290C Tr=20C; rate term omitted (D-V2-02); floor 1e+06 Pa + H_reg 1e+07 Pa (D-V2-19); near-zero tangent regularization arm=offset (D-V2-22, e_off=0.002); D-V2-19-R1 minimum plastic tangent H >= 0.01*E(T); E(T) from E_collapse.csv (D-V2-17 option (c)); D-V2-19 single-variable ladder arm 'ecol' (floor=1e+06 Pa, H_reg=1e+07 Pa)"
1033.15,0.1,5.64838e+08,"modified J-C (Balbaa2022 p.33) A=650 B=1618 n=0.243 m=1.146 Tm=1290C Tr=20C; rate term omitted (D-V2-02); floor 1e+06 Pa + H_reg 1e+07 Pa (D-V2-19); near-zero tangent regularization arm=offset (D-V2-22, e_off=0.002); D-V2-19-R1 minimum plastic tangent H >= 0.01*E(T); E(T) from E_collapse.csv (D-V2-17 option (c)); D-V2-19 single-variable ladder arm 'ecol' (floor=1e+06 Pa, H_reg=1e+07 Pa)"
1033.15,0.2,6.88938e+08,"modified J-C (Balbaa2022 p.33) A=650 B=1618 n=0.243 m=1.146 Tm=1290C Tr=20C; rate term omitted (D-V2-02); floor 1e+06 Pa + H_reg 1e+07 Pa (D-V2-19); near-zero tangent regularization arm=offset (D-V2-22, e_off=0.002); D-V2-19-R1 minimum plastic tangent H >= 0.01*E(T); E(T) from E_collapse.csv (D-V2-17 option (c)); D-V2-19 single-variable ladder arm 'ecol' (floor=1e+06 Pa, H_reg=1e+07 Pa)"
1033.15,0.5,1.06124e+09,"modified J-C (Balbaa2022 p.33) A=650 B=1618 n=0.243 m=1.146 Tm=1290C Tr=20C; rate term omitted (D-V2-02); floor 1e+06 Pa + H_reg 1e+07 Pa (D-V2-19); near-zero tangent regularization arm=offset (D-V2-22, e_off=0.002); D-V2-19-R1 minimum plastic tangent H >= 0.01*E(T); E(T) from E_collapse.csv (D-V2-17 option (c)); D-V2-19 single-variable ladder arm 'ecol' (floor=1e+06 Pa, H_reg=1e+07 Pa)"
1033.15,1,1.68174e+09,"modified J-C (Balbaa2022 p.33) A=650 B=1618 n=0.243 m=1.146 Tm=1290C Tr=20C; rate term omitted (D-V2-02); floor 1e+06 Pa + H_reg 1e+07 Pa (D-V2-19); near-zero tangent regularization arm=offset (D-V2-22, e_off=0.002); D-V2-19-R1 minimum plastic tangent H >= 0.01*E(T); E(T) from E_collapse.csv (D-V2-17 option (c)); D-V2-19 single-variable ladder arm 'ecol' (floor=1e+06 Pa, H_reg=1e+07 Pa)"
1033.15,2,2.92274e+09,"modified J-C (Balbaa2022 p.33) A=650 B=1618 n=0.243 m=1.146 Tm=1290C Tr=20C; rate term omitted (D-V2-02); floor 1e+06 Pa + H_reg 1e+07 Pa (D-V2-19); near-zero tangent regularization arm=offset (D-V2-22, e_off=0.002); D-V2-19-R1 minimum plastic tangent H >= 0.01*E(T); E(T) from E_collapse.csv (D-V2-17 option (c)); D-V2-19 single-variable ladder arm 'ecol' (floor=1e+06 Pa, H_reg=1e+07 Pa)"
1144.15,0,2.39178e+08,"modified J-C (Balbaa2022 p.33) A=650 B=1618 n=0.243 m=1.146 Tm=1290C Tr=20C; rate term omitted (D-V2-02); floor 1e+06 Pa + H_reg 1e+07 Pa (D-V2-19); near-zero tangent regularization arm=offset (D-V2-22, e_off=0.002); D-V2-19-R1 minimum plastic tangent H >= 0.01*E(T); E(T) from E_collapse.csv (D-V2-17 option (c)); D-V2-19 single-variable ladder arm 'ecol' (floor=1e+06 Pa, H_reg=1e+07 Pa)"
1144.15,0.0005,2.46511e+08,"modified J-C (Balbaa2022 p.33) A=650 B=1618 n=0.243 m=1.146 Tm=1290C Tr=20C; rate term omitted (D-V2-02); floor 1e+06 Pa + H_reg 1e+07 Pa (D-V2-19); near-zero tangent regularization arm=offset (D-V2-22, e_off=0.002); D-V2-19-R1 minimum plastic tangent H >= 0.01*E(T); E(T) from E_collapse.csv (D-V2-17 option (c)); D-V2-19 single-variable ladder arm 'ecol' (floor=1e+06 Pa, H_reg=1e+07 Pa)"
1144.15,0.001,2.52805e+08,"modified J-C (Balbaa2022 p.33) A=650 B=1618 n=0.243 m=1.146 Tm=1290C Tr=20C; rate term omitted (D-V2-02); floor 1e+06 Pa + H_reg 1e+07 Pa (D-V2-19); near-zero tangent regularization arm=offset (D-V2-22, e_off=0.002); D-V2-19-R1 minimum plastic tangent H >= 0.01*E(T); E(T) from E_collapse.csv (D-V2-17 option (c)); D-V2-19 single-variable ladder arm 'ecol' (floor=1e+06 Pa, H_reg=1e+07 Pa)"
1144.15,0.002,2.63323e+08,"modified J-C (Balbaa2022 p.33) A=650 B=1618 n=0.243 m=1.146 Tm=1290C Tr=20C; rate term omitted (D-V2-02); floor 1e+06 Pa + H_reg 1e+07 Pa (D-V2-19); near-zero tangent regularization arm=offset (D-V2-22, e_off=0.002); D-V2-19-R1 minimum plastic tangent H >= 0.01*E(T); E(T) from E_collapse.csv (D-V2-17 option (c)); D-V2-19 single-variable ladder arm 'ecol' (floor=1e+06 Pa, H_reg=1e+07 Pa)"
1144.15,0.005,2.86022e+08,"modified J-C (Balbaa2022 p.33) A=650 B=1618 n=0.243 m=1.146 Tm=1290C Tr=20C; rate term omitted (D-V2-02); floor 1e+06 Pa + H_reg 1e+07 Pa (D-V2-19); near-zero tangent regularization arm=offset (D-V2-22, e_off=0.002); D-V2-19-R1 minimum plastic tangent H >= 0.01*E(T); E(T) from E_collapse.csv (D-V2-17 option (c)); D-V2-19 single-variable ladder arm 'ecol' (floor=1e+06 Pa, H_reg=1e+07 Pa)"
1144.15,0.01,3.11023e+08,"modified J-C (Balbaa2022 p.33) A=650 B=1618 n=0.243 m=1.146 Tm=1290C Tr=20C; rate term omitted (D-V2-02); floor 1e+06 Pa + H_reg 1e+07 Pa (D-V2-19); near-zero tangent regularization arm=offset (D-V2-22, e_off=0.002); D-V2-19-R1 minimum plastic tangent H >= 0.01*E(T); E(T) from E_collapse.csv (D-V2-17 option (c)); D-V2-19 single-variable ladder arm 'ecol' (floor=1e+06 Pa, H_reg=1e+07 Pa)"
1144.15,0.02,3.43377e+08,"modified J-C (Balbaa2022 p.33) A=650 B=1618 n=0.243 m=1.146 Tm=1290C Tr=20C; rate term omitted (D-V2-02); floor 1e+06 Pa + H_reg 1e+07 Pa (D-V2-19); near-zero tangent regularization arm=offset (D-V2-22, e_off=0.002); D-V2-19-R1 minimum plastic tangent H >= 0.01*E(T); E(T) from E_collapse.csv (D-V2-17 option (c)); D-V2-19 single-variable ladder arm 'ecol' (floor=1e+06 Pa, H_reg=1e+07 Pa)"
1144.15,0.05,3.98427e+08,"modified J-C (Balbaa2022 p.33) A=650 B=1618 n=0.243 m=1.146 Tm=1290C Tr=20C; rate term omitted (D-V2-02); floor 1e+06 Pa + H_reg 1e+07 Pa (D-V2-19); near-zero tangent regularization arm=offset (D-V2-22, e_off=0.002); D-V2-19-R1 minimum plastic tangent H >= 0.01*E(T); E(T) from E_collapse.csv (D-V2-17 option (c)); D-V2-19 single-variable ladder arm 'ecol' (floor=1e+06 Pa, H_reg=1e+07 Pa)"
1144.15,0.1,4.53927e+08,"modified J-C (Balbaa2022 p.33) A=650 B=1618 n=0.243 m=1.146 Tm=1290C Tr=20C; rate term omitted (D-V2-02); floor 1e+06 Pa + H_reg 1e+07 Pa (D-V2-19); near-zero tangent regularization arm=offset (D-V2-22, e_off=0.002); D-V2-19-R1 minimum plastic tangent H >= 0.01*E(T); E(T) from E_collapse.csv (D-V2-17 option (c)); D-V2-19 single-variable ladder arm 'ecol' (floor=1e+06 Pa, H_reg=1e+07 Pa)"
1144.15,0.2,5.64927e+08,"modified J-C (Balbaa2022 p.33) A=650 B=1618 n=0.243 m=1.146 Tm=1290C Tr=20C; rate term omitted (D-V2-02); floor 1e+06 Pa + H_reg 1e+07 Pa (D-V2-19); near-zero tangent regularization arm=offset (D-V2-22, e_off=0.002); D-V2-19-R1 minimum plastic tangent H >= 0.01*E(T); E(T) from E_collapse.csv (D-V2-17 option (c)); D-V2-19 single-variable ladder arm 'ecol' (floor=1e+06 Pa, H_reg=1e+07 Pa)"
1144.15,0.5,8.97927e+08,"modified J-C (Balbaa2022 p.33) A=650 B=1618 n=0.243 m=1.146 Tm=1290C Tr=20C; rate term omitted (D-V2-02); floor 1e+06 Pa + H_reg 1e+07 Pa (D-V2-19); near-zero tangent regularization arm=offset (D-V2-22, e_off=0.002); D-V2-19-R1 minimum plastic tangent H >= 0.01*E(T); E(T) from E_collapse.csv (D-V2-17 option (c)); D-V2-19 single-variable ladder arm 'ecol' (floor=1e+06 Pa, H_reg=1e+07 Pa)"
1144.15,1,1.45293e+09,"modified J-C (Balbaa2022 p.33) A=650 B=1618 n=0.243 m=1.146 Tm=1290C Tr=20C; rate term omitted (D-V2-02); floor 1e+06 Pa + H_reg 1e+07 Pa (D-V2-19); near-zero tangent regularization arm=offset (D-V2-22, e_off=0.002); D-V2-19-R1 minimum plastic tangent H >= 0.01*E(T); E(T) from E_collapse.csv (D-V2-17 option (c)); D-V2-19 single-variable ladder arm 'ecol' (floor=1e+06 Pa, H_reg=1e+07 Pa)"
1144.15,2,2.56293e+09,"modified J-C (Balbaa2022 p.33) A=650 B=1618 n=0.243 m=1.146 Tm=1290C Tr=20C; rate term omitted (D-V2-02); floor 1e+06 Pa + H_reg 1e+07 Pa (D-V2-19); near-zero tangent regularization arm=offset (D-V2-22, e_off=0.002); D-V2-19-R1 minimum plastic tangent H >= 0.01*E(T); E(T) from E_collapse.csv (D-V2-17 option (c)); D-V2-19 single-variable ladder arm 'ecol' (floor=1e+06 Pa, H_reg=1e+07 Pa)"
1273.15,0,1.67053e+08,"modified J-C (Balbaa2022 p.33) A=650 B=1618 n=0.243 m=1.146 Tm=1290C Tr=20C; rate term omitted (D-V2-02); floor 1e+06 Pa + H_reg 1e+07 Pa (D-V2-19); near-zero tangent regularization arm=offset (D-V2-22, e_off=0.002); D-V2-19-R1 minimum plastic tangent H >= 0.01*E(T); E(T) from E_collapse.csv (D-V2-17 option (c)); D-V2-19 single-variable ladder arm 'ecol' (floor=1e+06 Pa, H_reg=1e+07 Pa)"
1273.15,0.0005,1.72176e+08,"modified J-C (Balbaa2022 p.33) A=650 B=1618 n=0.243 m=1.146 Tm=1290C Tr=20C; rate term omitted (D-V2-02); floor 1e+06 Pa + H_reg 1e+07 Pa (D-V2-19); near-zero tangent regularization arm=offset (D-V2-22, e_off=0.002); D-V2-19-R1 minimum plastic tangent H >= 0.01*E(T); E(T) from E_collapse.csv (D-V2-17 option (c)); D-V2-19 single-variable ladder arm 'ecol' (floor=1e+06 Pa, H_reg=1e+07 Pa)"
1273.15,0.001,1.76574e+08,"modified J-C (Balbaa2022 p.33) A=650 B=1618 n=0.243 m=1.146 Tm=1290C Tr=20C; rate term omitted (D-V2-02); floor 1e+06 Pa + H_reg 1e+07 Pa (D-V2-19); near-zero tangent regularization arm=offset (D-V2-22, e_off=0.002); D-V2-19-R1 minimum plastic tangent H >= 0.01*E(T); E(T) from E_collapse.csv (D-V2-17 option (c)); D-V2-19 single-variable ladder arm 'ecol' (floor=1e+06 Pa, H_reg=1e+07 Pa)"
1273.15,0.002,1.83923e+08,"modified J-C (Balbaa2022 p.33) A=650 B=1618 n=0.243 m=1.146 Tm=1290C Tr=20C; rate term omitted (D-V2-02); floor 1e+06 Pa + H_reg 1e+07 Pa (D-V2-19); near-zero tangent regularization arm=offset (D-V2-22, e_off=0.002); D-V2-19-R1 minimum plastic tangent H >= 0.01*E(T); E(T) from E_collapse.csv (D-V2-17 option (c)); D-V2-19 single-variable ladder arm 'ecol' (floor=1e+06 Pa, H_reg=1e+07 Pa)"
1273.15,0.005,1.99786e+08,"modified J-C (Balbaa2022 p.33) A=650 B=1618 n=0.243 m=1.146 Tm=1290C Tr=20C; rate term omitted (D-V2-02); floor 1e+06 Pa + H_reg 1e+07 Pa (D-V2-19); near-zero tangent regularization arm=offset (D-V2-22, e_off=0.002); D-V2-19-R1 minimum plastic tangent H >= 0.01*E(T); E(T) from E_collapse.csv (D-V2-17 option (c)); D-V2-19 single-variable ladder arm 'ecol' (floor=1e+06 Pa, H_reg=1e+07 Pa)"
1273.15,0.01,2.17263e+08,"modified J-C (Balbaa2022 p.33) A=650 B=1618 n=0.243 m=1.146 Tm=1290C Tr=20C; rate term omitted (D-V2-02); floor 1e+06 Pa + H_reg 1e+07 Pa (D-V2-19); near-zero tangent regularization arm=offset (D-V2-22, e_off=0.002); D-V2-19-R1 minimum plastic tangent H >= 0.01*E(T); E(T) from E_collapse.csv (D-V2-17 option (c)); D-V2-19 single-variable ladder arm 'ecol' (floor=1e+06 Pa, H_reg=1e+07 Pa)"
1273.15,0.02,2.39891e+08,"modified J-C (Balbaa2022 p.33) A=650 B=1618 n=0.243 m=1.146 Tm=1290C Tr=20C; rate term omitted (D-V2-02); floor 1e+06 Pa + H_reg 1e+07 Pa (D-V2-19); near-zero tangent regularization arm=offset (D-V2-22, e_off=0.002); D-V2-19-R1 minimum plastic tangent H >= 0.01*E(T); E(T) from E_collapse.csv (D-V2-17 option (c)); D-V2-19 single-variable ladder arm 'ecol' (floor=1e+06 Pa, H_reg=1e+07 Pa)"
1273.15,0.05,2.78431e+08,"modified J-C (Balbaa2022 p.33) A=650 B=1618 n=0.243 m=1.146 Tm=1290C Tr=20C; rate term omitted (D-V2-02); floor 1e+06 Pa + H_reg 1e+07 Pa (D-V2-19); near-zero tangent regularization arm=offset (D-V2-22, e_off=0.002); D-V2-19-R1 minimum plastic tangent H >= 0.01*E(T); E(T) from E_collapse.csv (D-V2-17 option (c)); D-V2-19 single-variable ladder arm 'ecol' (floor=1e+06 Pa, H_reg=1e+07 Pa)"
1273.15,0.1,3.24153e+08,"modified J-C (Balbaa2022 p.33) A=650 B=1618 n=0.243 m=1.146 Tm=1290C Tr=20C; rate term omitted (D-V2-02); floor 1e+06 Pa + H_reg 1e+07 Pa (D-V2-19); near-zero tangent regularization arm=offset (D-V2-22, e_off=0.002); D-V2-19-R1 minimum plastic tangent H >= 0.01*E(T); E(T) from E_collapse.csv (D-V2-17 option (c)); D-V2-19 single-variable ladder arm 'ecol' (floor=1e+06 Pa, H_reg=1e+07 Pa)"
1273.15,0.2,4.15597e+08,"modified J-C (Balbaa2022 p.33) A=650 B=1618 n=0.243 m=1.146 Tm=1290C Tr=20C; rate term omitted (D-V2-02); floor 1e+06 Pa + H_reg 1e+07 Pa (D-V2-19); near-zero tangent regularization arm=offset (D-V2-22, e_off=0.002); D-V2-19-R1 minimum plastic tangent H >= 0.01*E(T); E(T) from E_collapse.csv (D-V2-17 option (c)); D-V2-19 single-variable ladder arm 'ecol' (floor=1e+06 Pa, H_reg=1e+07 Pa)"
1273.15,0.5,6.89929e+08,"modified J-C (Balbaa2022 p.33) A=650 B=1618 n=0.243 m=1.146 Tm=1290C Tr=20C; rate term omitted (D-V2-02); floor 1e+06 Pa + H_reg 1e+07 Pa (D-V2-19); near-zero tangent regularization arm=offset (D-V2-22, e_off=0.002); D-V2-19-R1 minimum plastic tangent H >= 0.01*E(T); E(T) from E_collapse.csv (D-V2-17 option (c)); D-V2-19 single-variable ladder arm 'ecol' (floor=1e+06 Pa, H_reg=1e+07 Pa)"
1273.15,1,1.14715e+09,"modified J-C (Balbaa2022 p.33) A=650 B=1618 n=0.243 m=1.146 Tm=1290C Tr=20C; rate term omitted (D-V2-02); floor 1e+06 Pa + H_reg 1e+07 Pa (D-V2-19); near-zero tangent regularization arm=offset (D-V2-22, e_off=0.002); D-V2-19-R1 minimum plastic tangent H >= 0.01*E(T); E(T) from E_collapse.csv (D-V2-17 option (c)); D-V2-19 single-variable ladder arm 'ecol' (floor=1e+06 Pa, H_reg=1e+07 Pa)"
1273.15,2,2.06159e+09,"modified J-C (Balbaa2022 p.33) A=650 B=1618 n=0.243 m=1.146 Tm=1290C Tr=20C; rate term omitted (D-V2-02); floor 1e+06 Pa + H_reg 1e+07 Pa (D-V2-19); near-zero tangent regularization arm=offset (D-V2-22, e_off=0.002); D-V2-19-R1 minimum plastic tangent H >= 0.01*E(T); E(T) from E_collapse.csv (D-V2-17 option (c)); D-V2-19 single-variable ladder arm 'ecol' (floor=1e+06 Pa, H_reg=1e+07 Pa)"
1423.15,0,8.14323e+07,"modified J-C (Balbaa2022 p.33) A=650 B=1618 n=0.243 m=1.146 Tm=1290C Tr=20C; rate term omitted (D-V2-02); floor 1e+06 Pa + H_reg 1e+07 Pa (D-V2-19); near-zero tangent regularization arm=offset (D-V2-22, e_off=0.002); D-V2-19-R1 minimum plastic tangent H >= 0.01*E(T); E(T) from E_collapse.csv (D-V2-17 option (c)); D-V2-19 single-variable ladder arm 'ecol' (floor=1e+06 Pa, H_reg=1e+07 Pa)"
1423.15,0.0005,8.39321e+07,"modified J-C (Balbaa2022 p.33) A=650 B=1618 n=0.243 m=1.146 Tm=1290C Tr=20C; rate term omitted (D-V2-02); floor 1e+06 Pa + H_reg 1e+07 Pa (D-V2-19); near-zero tangent regularization arm=offset (D-V2-22, e_off=0.002); D-V2-19-R1 minimum plastic tangent H >= 0.01*E(T); E(T) from E_collapse.csv (D-V2-17 option (c)); D-V2-19 single-variable ladder arm 'ecol' (floor=1e+06 Pa, H_reg=1e+07 Pa)"
1423.15,0.001,8.60783e+07,"modified J-C (Balbaa2022 p.33) A=650 B=1618 n=0.243 m=1.146 Tm=1290C Tr=20C; rate term omitted (D-V2-02); floor 1e+06 Pa + H_reg 1e+07 Pa (D-V2-19); near-zero tangent regularization arm=offset (D-V2-22, e_off=0.002); D-V2-19-R1 minimum plastic tangent H >= 0.01*E(T); E(T) from E_collapse.csv (D-V2-17 option (c)); D-V2-19 single-variable ladder arm 'ecol' (floor=1e+06 Pa, H_reg=1e+07 Pa)"
1423.15,0.002,8.96659e+07,"modified J-C (Balbaa2022 p.33) A=650 B=1618 n=0.243 m=1.146 Tm=1290C Tr=20C; rate term omitted (D-V2-02); floor 1e+06 Pa + H_reg 1e+07 Pa (D-V2-19); near-zero tangent regularization arm=offset (D-V2-22, e_off=0.002); D-V2-19-R1 minimum plastic tangent H >= 0.01*E(T); E(T) from E_collapse.csv (D-V2-17 option (c)); D-V2-19 single-variable ladder arm 'ecol' (floor=1e+06 Pa, H_reg=1e+07 Pa)"
1423.15,0.005,9.74142e+07,"modified J-C (Balbaa2022 p.33) A=650 B=1618 n=0.243 m=1.146 Tm=1290C Tr=20C; rate term omitted (D-V2-02); floor 1e+06 Pa + H_reg 1e+07 Pa (D-V2-19); near-zero tangent regularization arm=offset (D-V2-22, e_off=0.002); D-V2-19-R1 minimum plastic tangent H >= 0.01*E(T); E(T) from E_collapse.csv (D-V2-17 option (c)); D-V2-19 single-variable ladder arm 'ecol' (floor=1e+06 Pa, H_reg=1e+07 Pa)"
1423.15,0.01,1.05959e+08,"modified J-C (Balbaa2022 p.33) A=650 B=1618 n=0.243 m=1.146 Tm=1290C Tr=20C; rate term omitted (D-V2-02); floor 1e+06 Pa + H_reg 1e+07 Pa (D-V2-19); near-zero tangent regularization arm=offset (D-V2-22, e_off=0.002); D-V2-19-R1 minimum plastic tangent H >= 0.01*E(T); E(T) from E_collapse.csv (D-V2-17 option (c)); D-V2-19 single-variable ladder arm 'ecol' (floor=1e+06 Pa, H_reg=1e+07 Pa)"
1423.15,0.02,1.17041e+08,"modified J-C (Balbaa2022 p.33) A=650 B=1618 n=0.243 m=1.146 Tm=1290C Tr=20C; rate term omitted (D-V2-02); floor 1e+06 Pa + H_reg 1e+07 Pa (D-V2-19); near-zero tangent regularization arm=offset (D-V2-22, e_off=0.002); D-V2-19-R1 minimum plastic tangent H >= 0.01*E(T); E(T) from E_collapse.csv (D-V2-17 option (c)); D-V2-19 single-variable ladder arm 'ecol' (floor=1e+06 Pa, H_reg=1e+07 Pa)"
1423.15,0.05,1.35981e+08,"modified J-C (Balbaa2022 p.33) A=650 B=1618 n=0.243 m=1.146 Tm=1290C Tr=20C; rate term omitted (D-V2-02); floor 1e+06 Pa + H_reg 1e+07 Pa (D-V2-19); near-zero tangent regularization arm=offset (D-V2-22, e_off=0.002); D-V2-19-R1 minimum plastic tangent H >= 0.01*E(T); E(T) from E_collapse.csv (D-V2-17 option (c)); D-V2-19 single-variable ladder arm 'ecol' (floor=1e+06 Pa, H_reg=1e+07 Pa)"
1423.15,0.1,1.58496e+08,"modified J-C (Balbaa2022 p.33) A=650 B=1618 n=0.243 m=1.146 Tm=1290C Tr=20C; rate term omitted (D-V2-02); floor 1e+06 Pa + H_reg 1e+07 Pa (D-V2-19); near-zero tangent regularization arm=offset (D-V2-22, e_off=0.002); D-V2-19-R1 minimum plastic tangent H >= 0.01*E(T); E(T) from E_collapse.csv (D-V2-17 option (c)); D-V2-19 single-variable ladder arm 'ecol' (floor=1e+06 Pa, H_reg=1e+07 Pa)"
1423.15,0.2,2.03526e+08,"modified J-C (Balbaa2022 p.33) A=650 B=1618 n=0.243 m=1.146 Tm=1290C Tr=20C; rate term omitted (D-V2-02); floor 1e+06 Pa + H_reg 1e+07 Pa (D-V2-19); near-zero tangent regularization arm=offset (D-V2-22, e_off=0.002); D-V2-19-R1 minimum plastic tangent H >= 0.01*E(T); E(T) from E_collapse.csv (D-V2-17 option (c)); D-V2-19 single-variable ladder arm 'ecol' (floor=1e+06 Pa, H_reg=1e+07 Pa)"
1423.15,0.5,3.38616e+08,"modified J-C (Balbaa2022 p.33) A=650 B=1618 n=0.243 m=1.146 Tm=1290C Tr=20C; rate term omitted (D-V2-02); floor 1e+06 Pa + H_reg 1e+07 Pa (D-V2-19); near-zero tangent regularization arm=offset (D-V2-22, e_off=0.002); D-V2-19-R1 minimum plastic tangent H >= 0.01*E(T); E(T) from E_collapse.csv (D-V2-17 option (c)); D-V2-19 single-variable ladder arm 'ecol' (floor=1e+06 Pa, H_reg=1e+07 Pa)"
1423.15,1,5.63765e+08,"modified J-C (Balbaa2022 p.33) A=650 B=1618 n=0.243 m=1.146 Tm=1290C Tr=20C; rate term omitted (D-V2-02); floor 1e+06 Pa + H_reg 1e+07 Pa (D-V2-19); near-zero tangent regularization arm=offset (D-V2-22, e_off=0.002); D-V2-19-R1 minimum plastic tangent H >= 0.01*E(T); E(T) from E_collapse.csv (D-V2-17 option (c)); D-V2-19 single-variable ladder arm 'ecol' (floor=1e+06 Pa, H_reg=1e+07 Pa)"
1423.15,2,1.01406e+09,"modified J-C (Balbaa2022 p.33) A=650 B=1618 n=0.243 m=1.146 Tm=1290C Tr=20C; rate term omitted (D-V2-02); floor 1e+06 Pa + H_reg 1e+07 Pa (D-V2-19); near-zero tangent regularization arm=offset (D-V2-22, e_off=0.002); D-V2-19-R1 minimum plastic tangent H >= 0.01*E(T); E(T) from E_collapse.csv (D-V2-17 option (c)); D-V2-19 single-variable ladder arm 'ecol' (floor=1e+06 Pa, H_reg=1e+07 Pa)"
1563.15,0,1e+06,"modified J-C (Balbaa2022 p.33) A=650 B=1618 n=0.243 m=1.146 Tm=1290C Tr=20C; rate term omitted (D-V2-02); floor 1e+06 Pa + H_reg 1e+07 Pa (D-V2-19); near-zero tangent regularization arm=offset (D-V2-22, e_off=0.002); D-V2-19-R1 minimum plastic tangent H >= 0.01*E(T); E(T) from E_collapse.csv (D-V2-17 option (c)); D-V2-19 single-variable ladder arm 'ecol' (floor=1e+06 Pa, H_reg=1e+07 Pa)"
1563.15,0.0005,1.00855e+06,"modified J-C (Balbaa2022 p.33) A=650 B=1618 n=0.243 m=1.146 Tm=1290C Tr=20C; rate term omitted (D-V2-02); floor 1e+06 Pa + H_reg 1e+07 Pa (D-V2-19); near-zero tangent regularization arm=offset (D-V2-22, e_off=0.002); D-V2-19-R1 minimum plastic tangent H >= 0.01*E(T); E(T) from E_collapse.csv (D-V2-17 option (c)); D-V2-19 single-variable ladder arm 'ecol' (floor=1e+06 Pa, H_reg=1e+07 Pa)"
1563.15,0.001,1.0171e+06,"modified J-C (Balbaa2022 p.33) A=650 B=1618 n=0.243 m=1.146 Tm=1290C Tr=20C; rate term omitted (D-V2-02); floor 1e+06 Pa + H_reg 1e+07 Pa (D-V2-19); near-zero tangent regularization arm=offset (D-V2-22, e_off=0.002); D-V2-19-R1 minimum plastic tangent H >= 0.01*E(T); E(T) from E_collapse.csv (D-V2-17 option (c)); D-V2-19 single-variable ladder arm 'ecol' (floor=1e+06 Pa, H_reg=1e+07 Pa)"
1563.15,0.002,1.0342e+06,"modified J-C (Balbaa2022 p.33) A=650 B=1618 n=0.243 m=1.146 Tm=1290C Tr=20C; rate term omitted (D-V2-02); floor 1e+06 Pa + H_reg 1e+07 Pa (D-V2-19); near-zero tangent regularization arm=offset (D-V2-22, e_off=0.002); D-V2-19-R1 minimum plastic tangent H >= 0.01*E(T); E(T) from E_collapse.csv (D-V2-17 option (c)); D-V2-19 single-variable ladder arm 'ecol' (floor=1e+06 Pa, H_reg=1e+07 Pa)"
1563.15,0.005,1.0855e+06,"modified J-C (Balbaa2022 p.33) A=650 B=1618 n=0.243 m=1.146 Tm=1290C Tr=20C; rate term omitted (D-V2-02); floor 1e+06 Pa + H_reg 1e+07 Pa (D-V2-19); near-zero tangent regularization arm=offset (D-V2-22, e_off=0.002); D-V2-19-R1 minimum plastic tangent H >= 0.01*E(T); E(T) from E_collapse.csv (D-V2-17 option (c)); D-V2-19 single-variable ladder arm 'ecol' (floor=1e+06 Pa, H_reg=1e+07 Pa)"
1563.15,0.01,1.171e+06,"modified J-C (Balbaa2022 p.33) A=650 B=1618 n=0.243 m=1.146 Tm=1290C Tr=20C; rate term omitted (D-V2-02); floor 1e+06 Pa + H_reg 1e+07 Pa (D-V2-19); near-zero tangent regularization arm=offset (D-V2-22, e_off=0.002); D-V2-19-R1 minimum plastic tangent H >= 0.01*E(T); E(T) from E_collapse.csv (D-V2-17 option (c)); D-V2-19 single-variable ladder arm 'ecol' (floor=1e+06 Pa, H_reg=1e+07 Pa)"
1563.15,0.02,1.342e+06,"modified J-C (Balbaa2022 p.33) A=650 B=1618 n=0.243 m=1.146 Tm=1290C Tr=20C; rate term omitted (D-V2-02); floor 1e+06 Pa + H_reg 1e+07 Pa (D-V2-19); near-zero tangent regularization arm=offset (D-V2-22, e_off=0.002); D-V2-19-R1 minimum plastic tangent H >= 0.01*E(T); E(T) from E_collapse.csv (D-V2-17 option (c)); D-V2-19 single-variable ladder arm 'ecol' (floor=1e+06 Pa, H_reg=1e+07 Pa)"
1563.15,0.05,1.855e+06,"modified J-C (Balbaa2022 p.33) A=650 B=1618 n=0.243 m=1.146 Tm=1290C Tr=20C; rate term omitted (D-V2-02); floor 1e+06 Pa + H_reg 1e+07 Pa (D-V2-19); near-zero tangent regularization arm=offset (D-V2-22, e_off=0.002); D-V2-19-R1 minimum plastic tangent H >= 0.01*E(T); E(T) from E_collapse.csv (D-V2-17 option (c)); D-V2-19 single-variable ladder arm 'ecol' (floor=1e+06 Pa, H_reg=1e+07 Pa)"
1563.15,0.1,2.71e+06,"modified J-C (Balbaa2022 p.33) A=650 B=1618 n=0.243 m=1.146 Tm=1290C Tr=20C; rate term omitted (D-V2-02); floor 1e+06 Pa + H_reg 1e+07 Pa (D-V2-19); near-zero tangent regularization arm=offset (D-V2-22, e_off=0.002); D-V2-19-R1 minimum plastic tangent H >= 0.01*E(T); E(T) from E_collapse.csv (D-V2-17 option (c)); D-V2-19 single-variable ladder arm 'ecol' (floor=1e+06 Pa, H_reg=1e+07 Pa)"
1563.15,0.2,4.42e+06,"modified J-C (Balbaa2022 p.33) A=650 B=1618 n=0.243 m=1.146 Tm=1290C Tr=20C; rate term omitted (D-V2-02); floor 1e+06 Pa + H_reg 1e+07 Pa (D-V2-19); near-zero tangent regularization arm=offset (D-V2-22, e_off=0.002); D-V2-19-R1 minimum plastic tangent H >= 0.01*E(T); E(T) from E_collapse.csv (D-V2-17 option (c)); D-V2-19 single-variable ladder arm 'ecol' (floor=1e+06 Pa, H_reg=1e+07 Pa)"
1563.15,0.5,9.55e+06,"modified J-C (Balbaa2022 p.33) A=650 B=1618 n=0.243 m=1.146 Tm=1290C Tr=20C; rate term omitted (D-V2-02); floor 1e+06 Pa + H_reg 1e+07 Pa (D-V2-19); near-zero tangent regularization arm=offset (D-V2-22, e_off=0.002); D-V2-19-R1 minimum plastic tangent H >= 0.01*E(T); E(T) from E_collapse.csv (D-V2-17 option (c)); D-V2-19 single-variable ladder arm 'ecol' (floor=1e+06 Pa, H_reg=1e+07 Pa)"
1563.15,1,1.81e+07,"modified J-C (Balbaa2022 p.33) A=650 B=1618 n=0.243 m=1.146 Tm=1290C Tr=20C; rate term omitted (D-V2-02); floor 1e+06 Pa + H_reg 1e+07 Pa (D-V2-19); near-zero tangent regularization arm=offset (D-V2-22, e_off=0.002); D-V2-19-R1 minimum plastic tangent H >= 0.01*E(T); E(T) from E_collapse.csv (D-V2-17 option (c)); D-V2-19 single-variable ladder arm 'ecol' (floor=1e+06 Pa, H_reg=1e+07 Pa)"
1563.15,2,3.52e+07,"modified J-C (Balbaa2022 p.33) A=650 B=1618 n=0.243 m=1.146 Tm=1290C Tr=20C; rate term omitted (D-V2-02); floor 1e+06 Pa + H_reg 1e+07 Pa (D-V2-19); near-zero tangent regularization arm=offset (D-V2-22, e_off=0.002); D-V2-19-R1 minimum plastic tangent H >= 0.01*E(T); E(T) from E_collapse.csv (D-V2-17 option (c)); D-V2-19 single-variable ladder arm 'ecol' (floor=1e+06 Pa, H_reg=1e+07 Pa)"
