series_id,point_index,build_plate_temp_c,layer_thickness_um,laser_power_w,scan_speed_mm_s,cantilever_z_mm,sigma_x_mpa,point_role,source_pdf_x_pt,source_pdf_y_pt,reading_bound_z_mm,reading_bound_sigma_x_mpa,uncertainty_kind,digitization_method_id,digitized_evidence_id,source_pdf_evidence_id,source_pdf_sha256,source_page,source_figure,source_class
plate150_layer30_p250_v850,0,150,30,250,850,0.00,223.988751,surface,388.855377,176.281586,0.02,50,absolute_symmetric_reading_bound,pdf_vector_axis_calibrated_piecewise_linear_v1,figure-8-digitized-curve,paper-pdf,8bf5e7c2f744a55b9c4e40bbe5f17a5cb6e1649d668132edc961ecb5c3d5e941,10,Figure 8b,figure_digitized
plate150_layer30_p250_v850,1,150,30,250,850,-0.01,259.663516,trace,391.252317,174.561641,0.02,50,absolute_symmetric_reading_bound,pdf_vector_axis_calibrated_piecewise_linear_v1,figure-8-digitized-curve,paper-pdf,8bf5e7c2f744a55b9c4e40bbe5f17a5cb6e1649d668132edc961ecb5c3d5e941,10,Figure 8b,figure_digitized
plate150_layer30_p250_v850,2,150,30,250,850,-0.02,295.338282,trace,393.649257,172.841696,0.02,50,absolute_symmetric_reading_bound,pdf_vector_axis_calibrated_piecewise_linear_v1,figure-8-digitized-curve,paper-pdf,8bf5e7c2f744a55b9c4e40bbe5f17a5cb6e1649d668132edc961ecb5c3d5e941,10,Figure 8b,figure_digitized
plate150_layer30_p250_v850,3,150,30,250,850,-0.03,331.013048,trace,396.046197,171.121752,0.02,50,absolute_symmetric_reading_bound,pdf_vector_axis_calibrated_piecewise_linear_v1,figure-8-digitized-curve,paper-pdf,8bf5e7c2f744a55b9c4e40bbe5f17a5cb6e1649d668132edc961ecb5c3d5e941,10,Figure 8b,figure_digitized
plate150_layer30_p250_v850,4,150,30,250,850,-0.04,382.130422,trace,398.443137,168.657291,0.02,50,absolute_symmetric_reading_bound,pdf_vector_axis_calibrated_piecewise_linear_v1,figure-8-digitized-curve,paper-pdf,8bf5e7c2f744a55b9c4e40bbe5f17a5cb6e1649d668132edc961ecb5c3d5e941,10,Figure 8b,figure_digitized
plate150_layer30_p250_v850,5,150,30,250,850,-0.05,433.353750,trace,400.840076,166.187722,0.02,50,absolute_symmetric_reading_bound,pdf_vector_axis_calibrated_piecewise_linear_v1,figure-8-digitized-curve,paper-pdf,8bf5e7c2f744a55b9c4e40bbe5f17a5cb6e1649d668132edc961ecb5c3d5e941,10,Figure 8b,figure_digitized
plate150_layer30_p250_v850,6,150,30,250,850,-0.06,484.577079,trace,403.237016,163.718153,0.02,50,absolute_symmetric_reading_bound,pdf_vector_axis_calibrated_piecewise_linear_v1,figure-8-digitized-curve,paper-pdf,8bf5e7c2f744a55b9c4e40bbe5f17a5cb6e1649d668132edc961ecb5c3d5e941,10,Figure 8b,figure_digitized
plate150_layer30_p250_v850,7,150,30,250,850,-0.07,516.854127,trace,405.633956,162.162019,0.02,50,absolute_symmetric_reading_bound,pdf_vector_axis_calibrated_piecewise_linear_v1,figure-8-digitized-curve,paper-pdf,8bf5e7c2f744a55b9c4e40bbe5f17a5cb6e1649d668132edc961ecb5c3d5e941,10,Figure 8b,figure_digitized
plate150_layer30_p250_v850,8,150,30,250,850,-0.08,548.868896,trace,408.030896,160.618529,0.02,50,absolute_symmetric_reading_bound,pdf_vector_axis_calibrated_piecewise_linear_v1,figure-8-digitized-curve,paper-pdf,8bf5e7c2f744a55b9c4e40bbe5f17a5cb6e1649d668132edc961ecb5c3d5e941,10,Figure 8b,figure_digitized
plate150_layer30_p250_v850,9,150,30,250,850,-0.09,580.883665,trace,410.427836,159.075039,0.02,50,absolute_symmetric_reading_bound,pdf_vector_axis_calibrated_piecewise_linear_v1,figure-8-digitized-curve,paper-pdf,8bf5e7c2f744a55b9c4e40bbe5f17a5cb6e1649d668132edc961ecb5c3d5e941,10,Figure 8b,figure_digitized
plate150_layer30_p250_v850,10,150,30,250,850,-0.10,602.517178,trace,412.824776,158.032049,0.02,50,absolute_symmetric_reading_bound,pdf_vector_axis_calibrated_piecewise_linear_v1,figure-8-digitized-curve,paper-pdf,8bf5e7c2f744a55b9c4e40bbe5f17a5cb6e1649d668132edc961ecb5c3d5e941,10,Figure 8b,figure_digitized
plate150_layer30_p250_v850,11,150,30,250,850,-0.11,623.933622,trace,415.221716,156.999524,0.02,50,absolute_symmetric_reading_bound,pdf_vector_axis_calibrated_piecewise_linear_v1,figure-8-digitized-curve,paper-pdf,8bf5e7c2f744a55b9c4e40bbe5f17a5cb6e1649d668132edc961ecb5c3d5e941,10,Figure 8b,figure_digitized
plate150_layer30_p250_v850,12,150,30,250,850,-0.12,645.151862,trace,417.618655,155.976554,0.02,50,absolute_symmetric_reading_bound,pdf_vector_axis_calibrated_piecewise_linear_v1,figure-8-digitized-curve,paper-pdf,8bf5e7c2f744a55b9c4e40bbe5f17a5cb6e1649d668132edc961ecb5c3d5e941,10,Figure 8b,figure_digitized
plate150_layer30_p250_v850,13,150,30,250,850,-0.13,655.697843,trace,420.015595,155.468113,0.02,50,absolute_symmetric_reading_bound,pdf_vector_axis_calibrated_piecewise_linear_v1,figure-8-digitized-curve,paper-pdf,8bf5e7c2f744a55b9c4e40bbe5f17a5cb6e1649d668132edc961ecb5c3d5e941,10,Figure 8b,figure_digitized
plate150_layer30_p250_v850,14,150,30,250,850,-0.14,666.243823,trace,422.412535,154.959673,0.02,50,absolute_symmetric_reading_bound,pdf_vector_axis_calibrated_piecewise_linear_v1,figure-8-digitized-curve,paper-pdf,8bf5e7c2f744a55b9c4e40bbe5f17a5cb6e1649d668132edc961ecb5c3d5e941,10,Figure 8b,figure_digitized
plate150_layer30_p250_v850,15,150,30,250,850,-0.15,676.141100,peak,424.809475,154.482507,0.02,50,absolute_symmetric_reading_bound,pdf_vector_axis_calibrated_piecewise_linear_v1,figure-8-digitized-curve,paper-pdf,8bf5e7c2f744a55b9c4e40bbe5f17a5cb6e1649d668132edc961ecb5c3d5e941,10,Figure 8b,figure_digitized
plate150_layer30_p250_v850,16,150,30,250,850,-0.16,629.814073,trace,427.206415,156.716016,0.02,50,absolute_symmetric_reading_bound,pdf_vector_axis_calibrated_piecewise_linear_v1,figure-8-digitized-curve,paper-pdf,8bf5e7c2f744a55b9c4e40bbe5f17a5cb6e1649d668132edc961ecb5c3d5e941,10,Figure 8b,figure_digitized
plate150_layer30_p250_v850,17,150,30,250,850,-0.17,583.487045,trace,429.603355,158.949526,0.02,50,absolute_symmetric_reading_bound,pdf_vector_axis_calibrated_piecewise_linear_v1,figure-8-digitized-curve,paper-pdf,8bf5e7c2f744a55b9c4e40bbe5f17a5cb6e1649d668132edc961ecb5c3d5e941,10,Figure 8b,figure_digitized
plate150_layer30_p250_v850,18,150,30,250,850,-0.18,536.825668,trace,432.000294,161.199155,0.02,50,absolute_symmetric_reading_bound,pdf_vector_axis_calibrated_piecewise_linear_v1,figure-8-digitized-curve,paper-pdf,8bf5e7c2f744a55b9c4e40bbe5f17a5cb6e1649d668132edc961ecb5c3d5e941,10,Figure 8b,figure_digitized
plate150_layer30_p250_v850,19,150,30,250,850,-0.19,417.277333,trace,434.397234,166.962795,0.02,50,absolute_symmetric_reading_bound,pdf_vector_axis_calibrated_piecewise_linear_v1,figure-8-digitized-curve,paper-pdf,8bf5e7c2f744a55b9c4e40bbe5f17a5cb6e1649d668132edc961ecb5c3d5e941,10,Figure 8b,figure_digitized
plate150_layer30_p250_v850,20,150,30,250,850,-0.20,297.728999,trace,436.794174,172.726435,0.02,50,absolute_symmetric_reading_bound,pdf_vector_axis_calibrated_piecewise_linear_v1,figure-8-digitized-curve,paper-pdf,8bf5e7c2f744a55b9c4e40bbe5f17a5cb6e1649d668132edc961ecb5c3d5e941,10,Figure 8b,figure_digitized
plate150_layer30_p250_v850,21,150,30,250,850,-0.21,178.546984,trace,439.191114,178.472415,0.02,50,absolute_symmetric_reading_bound,pdf_vector_axis_calibrated_piecewise_linear_v1,figure-8-digitized-curve,paper-pdf,8bf5e7c2f744a55b9c4e40bbe5f17a5cb6e1649d668132edc961ecb5c3d5e941,10,Figure 8b,figure_digitized
plate150_layer30_p250_v850,22,150,30,250,850,-0.22,76.853555,first_zero_positive_bracket,441.588054,183.375238,0.02,50,absolute_symmetric_reading_bound,pdf_vector_axis_calibrated_piecewise_linear_v1,figure-8-digitized-curve,paper-pdf,8bf5e7c2f744a55b9c4e40bbe5f17a5cb6e1649d668132edc961ecb5c3d5e941,10,Figure 8b,figure_digitized
plate150_layer30_p250_v850,23,150,30,250,850,-0.23,-24.839873,first_zero_negative_bracket,443.984994,188.278061,0.02,50,absolute_symmetric_reading_bound,pdf_vector_axis_calibrated_piecewise_linear_v1,figure-8-digitized-curve,paper-pdf,8bf5e7c2f744a55b9c4e40bbe5f17a5cb6e1649d668132edc961ecb5c3d5e941,10,Figure 8b,figure_digitized
plate150_layer30_p250_v850,24,150,30,250,850,-0.24,-126.332412,trace,446.381934,193.171199,0.02,50,absolute_symmetric_reading_bound,pdf_vector_axis_calibrated_piecewise_linear_v1,figure-8-digitized-curve,paper-pdf,8bf5e7c2f744a55b9c4e40bbe5f17a5cb6e1649d668132edc961ecb5c3d5e941,10,Figure 8b,figure_digitized
plate150_layer30_p250_v850,25,150,30,250,850,-0.25,-213.337200,trace,448.778873,197.365857,0.02,50,absolute_symmetric_reading_bound,pdf_vector_axis_calibrated_piecewise_linear_v1,figure-8-digitized-curve,paper-pdf,8bf5e7c2f744a55b9c4e40bbe5f17a5cb6e1649d668132edc961ecb5c3d5e941,10,Figure 8b,figure_digitized
plate150_layer30_p250_v850,26,150,30,250,850,-0.26,-300.341988,trace,451.175813,201.560514,0.02,50,absolute_symmetric_reading_bound,pdf_vector_axis_calibrated_piecewise_linear_v1,figure-8-digitized-curve,paper-pdf,8bf5e7c2f744a55b9c4e40bbe5f17a5cb6e1649d668132edc961ecb5c3d5e941,10,Figure 8b,figure_digitized
plate150_layer30_p250_v850,27,150,30,250,850,-0.27,-386.900470,trace,453.572753,205.733654,0.02,50,absolute_symmetric_reading_bound,pdf_vector_axis_calibrated_piecewise_linear_v1,figure-8-digitized-curve,paper-pdf,8bf5e7c2f744a55b9c4e40bbe5f17a5cb6e1649d668132edc961ecb5c3d5e941,10,Figure 8b,figure_digitized
plate150_layer30_p250_v850,28,150,30,250,850,-0.28,-408.745676,trace,455.969693,206.786851,0.02,50,absolute_symmetric_reading_bound,pdf_vector_axis_calibrated_piecewise_linear_v1,figure-8-digitized-curve,paper-pdf,8bf5e7c2f744a55b9c4e40bbe5f17a5cb6e1649d668132edc961ecb5c3d5e941,10,Figure 8b,figure_digitized
plate150_layer30_p250_v850,29,150,30,250,850,-0.29,-430.590882,trace,458.366633,207.840048,0.02,50,absolute_symmetric_reading_bound,pdf_vector_axis_calibrated_piecewise_linear_v1,figure-8-digitized-curve,paper-pdf,8bf5e7c2f744a55b9c4e40bbe5f17a5cb6e1649d668132edc961ecb5c3d5e941,10,Figure 8b,figure_digitized
plate150_layer30_p250_v850,30,150,30,250,850,-0.30,-452.435753,trough,460.763573,208.893228,0.02,50,absolute_symmetric_reading_bound,pdf_vector_axis_calibrated_piecewise_linear_v1,figure-8-digitized-curve,paper-pdf,8bf5e7c2f744a55b9c4e40bbe5f17a5cb6e1649d668132edc961ecb5c3d5e941,10,Figure 8b,figure_digitized
plate150_layer30_p250_v850,31,150,30,250,850,-0.31,-439.208258,trace,463.160513,208.255507,0.02,50,absolute_symmetric_reading_bound,pdf_vector_axis_calibrated_piecewise_linear_v1,figure-8-digitized-curve,paper-pdf,8bf5e7c2f744a55b9c4e40bbe5f17a5cb6e1649d668132edc961ecb5c3d5e941,10,Figure 8b,figure_digitized
plate150_layer30_p250_v850,32,150,30,250,850,-0.32,-425.980764,trace,465.557452,207.617786,0.02,50,absolute_symmetric_reading_bound,pdf_vector_axis_calibrated_piecewise_linear_v1,figure-8-digitized-curve,paper-pdf,8bf5e7c2f744a55b9c4e40bbe5f17a5cb6e1649d668132edc961ecb5c3d5e941,10,Figure 8b,figure_digitized
plate150_layer30_p250_v850,33,150,30,250,850,-0.33,-373.914583,trace,467.954392,205.107581,0.02,50,absolute_symmetric_reading_bound,pdf_vector_axis_calibrated_piecewise_linear_v1,figure-8-digitized-curve,paper-pdf,8bf5e7c2f744a55b9c4e40bbe5f17a5cb6e1649d668132edc961ecb5c3d5e941,10,Figure 8b,figure_digitized
plate150_layer30_p250_v850,34,150,30,250,850,-0.34,-285.578394,trace,470.351332,200.848735,0.02,50,absolute_symmetric_reading_bound,pdf_vector_axis_calibrated_piecewise_linear_v1,figure-8-digitized-curve,paper-pdf,8bf5e7c2f744a55b9c4e40bbe5f17a5cb6e1649d668132edc961ecb5c3d5e941,10,Figure 8b,figure_digitized
plate150_layer30_p250_v850,35,150,30,250,850,-0.35,-197.242204,trace,472.748272,196.589888,0.02,50,absolute_symmetric_reading_bound,pdf_vector_axis_calibrated_piecewise_linear_v1,figure-8-digitized-curve,paper-pdf,8bf5e7c2f744a55b9c4e40bbe5f17a5cb6e1649d668132edc961ecb5c3d5e941,10,Figure 8b,figure_digitized
plate150_layer30_p250_v850,36,150,30,250,850,-0.36,-144.884778,trace,475.145212,194.065642,0.02,50,absolute_symmetric_reading_bound,pdf_vector_axis_calibrated_piecewise_linear_v1,figure-8-digitized-curve,paper-pdf,8bf5e7c2f744a55b9c4e40bbe5f17a5cb6e1649d668132edc961ecb5c3d5e941,10,Figure 8b,figure_digitized
plate150_layer30_p250_v850,37,150,30,250,850,-0.37,-93.799657,trace,477.542152,191.602737,0.02,50,absolute_symmetric_reading_bound,pdf_vector_axis_calibrated_piecewise_linear_v1,figure-8-digitized-curve,paper-pdf,8bf5e7c2f744a55b9c4e40bbe5f17a5cb6e1649d668132edc961ecb5c3d5e941,10,Figure 8b,figure_digitized
plate150_layer30_p250_v850,38,150,30,250,850,-0.38,-52.105974,trace,479.939091,189.592609,0.02,50,absolute_symmetric_reading_bound,pdf_vector_axis_calibrated_piecewise_linear_v1,figure-8-digitized-curve,paper-pdf,8bf5e7c2f744a55b9c4e40bbe5f17a5cb6e1649d668132edc961ecb5c3d5e941,10,Figure 8b,figure_digitized
plate150_layer30_p250_v850,39,150,30,250,850,-0.39,-20.467942,second_zero_negative_bracket,482.336031,188.067283,0.02,50,absolute_symmetric_reading_bound,pdf_vector_axis_calibrated_piecewise_linear_v1,figure-8-digitized-curve,paper-pdf,8bf5e7c2f744a55b9c4e40bbe5f17a5cb6e1649d668132edc961ecb5c3d5e941,10,Figure 8b,figure_digitized
plate150_layer30_p250_v850,40,150,30,250,850,-0.40,11.170090,second_zero_positive_bracket,484.732971,186.541956,0.02,50,absolute_symmetric_reading_bound,pdf_vector_axis_calibrated_piecewise_linear_v1,figure-8-digitized-curve,paper-pdf,8bf5e7c2f744a55b9c4e40bbe5f17a5cb6e1649d668132edc961ecb5c3d5e941,10,Figure 8b,figure_digitized
